sequence,target_sequence,score
DRFDDRMNACFPNRR,DTKLH,0.09707382082946148
FNTATQHEYHC,FISRIT,0.8116504871835855
IHGALD,MVTYWTRTNL,0.6943966071230849
CGPVIECQSYV,QNKHAILQR,0.9875139736972816
ILTEIQ,PVWEIWYE,0.4675382493698942
PPEREIYPNQTSFAH,MAHCIGWPAG,0.05441423743455032
CWNRFLVPD,IYRGCNARLPLE,0.722681928129755
FNGNVIF,STAAVERVDKTCPCC,0.12310824224851658
MCADPSK,GVQRHQVVEYRIA,0.9335758293817916
INLGNW,KTQCTMRCKGEMERT,0.0799519178157394
RQMGPDKLYVGMEWV,HNDLT,0.6429857830137452
TMEIEYWWN,NLDCRE,0.5247128429802135
AWVTHCVWCLCS,PAEAPLVWHQWVRR,0.5755787829422734
DLMGVKF,CREDHFEVE,0.3978596287572922
SQRIQIVLFCANN,GKCIISMTQ,0.9644238259166056
CPFWV,ATIMFRH,0.9367294110383408
MGLMRV,SFQMTSCSGLADQED,0.8476124012358848
LSTECKKLRQYCKH,HNQWHDIWELHWEI,0.40461573437404963
FEKKGF,LEATLNK,0.21480807982150607
KVNCYT,LFRPLKAWFWW,0.33009772292035255
WTELFK,KSYKAM,0.8851747074950884
EAIWS,VYWEYSDHY,0.553728977106895
KYYNREGYN,HSTLEA,0.19480828852286036
CHCLWMCMVCCVK,FEHEVKR,0.32226913953932423
FNPKNMWFRFIQGH,QTILHLQ,0.6072732172526132
APNCMM,WQTRSCDS,0.2638431536197756
WVVIETR,IHGQVNM,0.6705526453224283
YTMQNWDVGVREGF,LRNFPSIHTP,0.46000606861701654
FPGLWTCKGA,WPDEFKHQKGI,0.5469386201712905
PGRNKAC,AYKEQTLCQDVT,0.006915572093839306
MTNDDHV,EDMQA,0.686664778506066
VFFDS,YKSHGPPTLILHMIS,0.04917602816221667
YRWFESEKEWS,MIQEHWNETRL,0.18573541917330894
TVTGSDVVFTL,LAVLC,0.24288738514349084
TVFQIGCSI,QGHGTMEIAHPNIA,0.746092034087069
IYMWDYEYGDKRH,FCCRPKGYQFT,0.47826869672212724
YDVEAKMTQWREKW,NAHAPRTDMRHPH,0.4740478009081547
PQDWMQHQNE,AYGQVTKDEGH,0.7310365668587548
WQWPHMAGKNQLKFL,MSQANFWGQEMAI,0.5420608838301838
QGQPCYF,QGKAKDG,0.24436065446986766
FEAFLTCKP,SPCFRFPRPLKNML,0.005979171437849762
RIIDQVVV,AHHKLRFQQGAVY,0.6423890374620377
FTQLNWDDLMN,LYCRMHSLLENPNKS,0.5636619492293043
YVPRMTMVRL,NLFWDPTCF,0.163942404281597
STGSLFKRF,NEESRK,0.603469992875164
HMDFQRCKMK,IFWGSPQQPPM,0.4324866495197185
TISWAVNL,IVLLTKWEGMHLE,0.24189550591270526
GIVTMRSVLG,IQYKPP,0.1896537233167056
AHQKELDPAINA,PMCNKAP,0.8173797141287956
KVEGHLHVGYKTLRC,NLCIRVQ,0.6902032323663546
FCYAAFTPFL,MEWLRFLREDCAN,0.6037043906644206
NFQSEP,FPYSYMDPHWEL,0.4790579841487216
SEHNWN,AAQVYV,0.7861339798764314
IRCQPDSVPDY,SYVMRP,0.13326142139981167
HKIMH,RKTCTTRAIWPKS,0.5655224099627992
TDYPTRKRYGT,DGTSDE,0.8606109798317589
SLTNHFWGLSNQH,QDFLGHQLRSS,0.28909582092669805
VEFSHVRGAWCR,GKSQNNSDGF,0.039918126061881276
NFLRKAGKFQIN,NRHRNHRQET,0.8685771790196821
KRHRGGDEDM,DGIPAFH,0.9215593794984475
ERGNSNY,AIMVMLWYPNMMIW,0.32216001480872225
GIHRDACG,EMEVAWHHFGSSPIL,0.7630865660597802
PSDAGLH,WTTSMFFQICHCNMR,0.8154771506397656
GVDCL,YCNFGR,0.9347713202528232
PCDNHYDSPSFMLK,VFREYGGRRWWDHFF,0.8957695213269494
YHPPRWFFQEECAL,LCVCSCLKLCNNGA,0.4601893303994987
LAGGVCFGSNTEDF,VDVSETPLASP,0.6173115138669776
WTCEHRN,PHLGPGMHQMPD,0.593739320730722
KLHKGMKNV,LHYLECK,0.18683166249310446
PAFQVNASTN,CVHQTEDFH,0.16533790111017266
LQWENPL,HMDHPNEES,0.47339776097570496
LKHDEK,VPEYYQS,0.2367570893611718
GWTNLHHYKMYQ,FGWTIHRTH,0.9330520459198103
LCMPLKCGDGVLA,KIKSKYITY,0.15945365446682547
PFENNCYWLDTLRMG,ARFRGIHSH,0.7209300513186863
YFNIWMVVGSKW,RSPKGCERWNYWS,0.867466191486625
GARTNQVKLHSIW,QWLGPIDPGIW,0.6517055641166222
YFIVKHLW,LVCYRT,0.04673409563795239
IQTYLAMNVVK,NNNKHMQ,0.23829847340293608
WADVYCSGPICHQ,MGASCSRHVWKVE,0.182360887689077
IHRSVACPWYRKC,FIEYGPWDPKTS,0.5752316496813351
RDEGAHCIKFKQEEP,CYINYYVHMGHCC,0.25136218733146665
PFWDLGGATWQ,YSMSTC,0.9915753081450834
CWYGYQL,PYSSKGLVRQCP,0.06525866257607804
EILFNNYGY,LSRWVKGPIA,0.616847337699673
IAVSYWRTWSFTFEG,KGFQHLQSNI,0.22795319379229373
QDCPASAIDWHKFSV,ESFEAPTSMYHHFF,0.7983762485920427
MWTGTLTRHD,EYFWSAVWD,0.5162656924046598
DYVRYY,AVVFAKESNDY,0.29333508117720564
ISAMLQQNTWDFA,WRDSDLPRHEYSI,0.2124178183192562
HPPPLRPDAAYDF,MWAIKYDIH,0.2969224340814651
DLQRWKREKCLKY,KTHYCP,0.6598429089084424
QFKFI,VAYRVATEAMD,0.6046499579473558
IWPCGYWTCFPYCHY,SCTVQIKEEWYR,0.525271238009265
FTNNTFSSNGYYMS,EVDELHPWGHSHVAV,0.8894579902895383
QAASFH,AINMEAVCYDL,0.00909279137622876
GDKDCKI,VMDPPHLWDQI,0.6726678496842936
DMWASVMLYCLKQL,QCLTNDMTDQRRGP,0.3313994245222083
CCPCGPMHYMLP,FEQHYQMN,0.3210821215958721
SDQVNV,SDKQNWAWI,0.08410370594453564
LFHLKCKQIEW,SYAPT,0.8427411263341382
CCKRID,EHNLHPTN,0.6900435562588014
NNHDI,YLGKRQMHYEHV,0.1268377296380635
WKWCGHDMELTINDG,LCVSGSKAMCYTD,0.38900402231200737
TTYTPPAW,DHLNWYYET,0.9148387456385857
AGSWIEDQC,ETFARIPEVMTIF,0.4425655702025253
YCMILEHHWNVESAC,EEQPVFWRMYKFA,0.4364175093799383
QLKGSDKGQLQA,GWYVLDWAGNH,0.6897261858683215
YCFWSSGDLKD,NCSDLEYYYIEKNF,0.6223357325005534
RMTTCVAAWVNNR,CYGVDRWEKQ,0.20173950903947746
GKYEWLQIKDK,ADHDPLQGDR,0.9593983011032434
MIHHHEMDMWH,EVSRVWATGPKE,0.12431710235368054
TFDEPSQESLSSKWN,SFDYPNIVQTYK,0.0037801766143813476
YHYHKLPSNICLAIG,DSTRWPHQGIARLNF,0.8323382764559064
VVPMLNSVKTQHLEC,QDSRNTIMWIP,0.7886024213161021
TTYCPA,TPCCYFNRPTRAPK,0.9846813250024236
YMPIWISQCPHH,NMWTPSQANAWC,0.21344408894654088
QGRQWVHNDHYQI,TRTGTHYFKAL,0.15472546357143702
RCNPHDRWYWCQMA,GSFSMHKHTTVHPRT,0.7734568175551896
EFWLFDCTD,HHWCKPPS,0.43249596650075317
TVAHSDIETSTEK,GRITVSYH,0.6254168132298167
IRYPSSFFYSW,EHMPGN,0.779082619775443
IWYLGIMY,IQECNVK,0.9136109585186912
TDGPVNDT,DHIDITRVS,0.49276313520521153
GSGWDK,NCYKAMQGLTYFFP,0.4674394165490726
TVWKIIIC,DGYVLKNY,0.21834392997437735
AWTPSDGT,KTNPVYRR,0.9392334451931136
SLPWAFD,TGIWWHIYDV,0.41416747038590007
MDGHAKSLDWNAMF,SNCWYRMD,0.7259765677618386
GAINEQM,FHRYTFGTLKNCYA,0.6998434287316387
CMMYNILPYG,NCHVDQCRNWRR,0.03376991268203866
ICFQD,KSDIQHQHFSMK,0.3984257608786902
RHAMTESLQPTCSL,YNVYCSNSCCKEE,0.928579787155522
FSVHHITLA,SYTAWRHCKRQTIL,0.7301132565598373
EISVHDIVRVIYLLW,EHEKGCGFIP,0.028277150731631284
GCKKYEGDHGKRE,HSMAPY,0.8026550072651344
IAVIYGYWCPIT,QCAYA,0.003449009413535653
EATQKDFPIWAEKIK,IAWNVYEPEF,0.5585116919987367
NMIPFD,CQEIEKTSMT,0.05235994784563924
LINGGKY,AAMYWTHGHEMW,0.3784521430549804
QYFDCERYT,EEPHLQTSWQCF,0.0345532025028622
QRMGGERREI,FTEKIWW,0.6143626743047829
DFDSANIT,RTCMQHMNMIMFHKE,0.1694657178514073
DVCIRLKKNDHCL,KKCADNPHYSSQMAW,0.503423361451543
HVSPEYKWCDEEH,VRNEHAAYI,0.30423548918420107
HWVTGPND,YCTVRMEIQW,0.6301744974230523
PCPNNEPWH,LEFHRL,0.08481434529964715
AVCWSGFNPAVMPH,PAWFQWAFTTYYTI,0.8240915837704655
TQGCCKLF,ADFQVKNVPFV,0.6403131818243619
DVHYHISMDFDKDC,KATITESGA,0.791085404962744
VKYWTWREEYL,ASDQCDESCME,0.297511173247729
LCILFNAGN,YRQGGVGSI,0.053645745905313014
QGADDGIKACNIGIL,YNLDYLDF,0.8978068567518814
GYQDYISHWSEMM,ESTFPKDNAWS,0.2702486367412107
ARTMD,SRAAEVGE,0.6753975052237791
DWHIPTNMMLNLA,FPIEGCEEQKVC,0.8685421528989734
QYNSRQALYS,PGEMHDCM,0.47324283258245303
NRNEPPTDQAWDAH,PEWID,0.7586107653887859
KFMPLTR,QAACIN,0.5063395512625908
MNYLIYL,SAMATLNI,0.42802763323070925
HISRPQPEFNFYG,PKRQPHYLWEMIDPE,0.4202479953894026
RQLLNWRGN,YVIATDLRMFK,0.37125026858728116
IYTYTGGRHKGLF,IWKKRKIIHIRFFEE,0.9260037243546572
GNGDRFCWFFDHL,SILVSIHILMLWYVK,0.8418573582615444
SANWKWVLEYHPWCN,FNEIMEKQ,0.4296999263048653
RVAWKTWATSERV,NEYQSPNTEHF,0.15990103046442117
VANDYGYML,SLPSMPA,0.8427696305514113
VLEDELG,SCAVCV,0.24511026372453937
AHGQEPP,WIRYHCPHWK,0.4048379673876633
TMCQEDHFGFS,RGDNWEKMPE,0.8048502542701114
HRAQQCDHKM,PQGTFDWWCAVLL,0.6623597367265216
QPWIFYLLY,NYIKN,0.35683017696658326
KMLMQFFSVC,VYWNVYVCDHID,0.8469495161910376
MIWDTWFMEVKQ,EPGSSIYLPNYIGMY,0.8095726143109555
LVKCDKNNQHAGAF,LWCFH,0.4035399994480473
AHCYWC,YHGYQQHAVWAN,0.9551995306869113
AKSSYPKYIVWI,IWIAQQHTV,0.26237215061384633
YVDVDYIDYTSYLRK,KHWRNLGWWCQ,0.4116230437824764
TFHGWRDTKSV,VVADSFECNF,0.07097377093676105
FCNKQ,VAATVP,0.5736765969381977
FAKMS,NYYPHQP,0.26726579155818575
DYFWN,RERCC,0.5950126088090331
NQHHDQFHCWVWPK,ASFACH,0.6456888734266008
AHPIMQKGEMFF,ETRLRLRNVKMCY,0.20886577743654833
TWNYNDF,DMYQRCEHY,0.5227186227240525
HCKIMTCI,ITGKPFG,0.21758934096202387
PVESRNLVHYAWYD,RMQYGSCCHR,0.5870745904667884
WQRIFHGLPHIV,SKQVKYQHSWQPYN,0.7700746548975475
CYLTWIKNFDGW,LRLLSHYENA,0.6793911344141159
RGEFNFNWHSLRRL,KVHSWKVLER,0.7485616100901022
ERLWMPCATW,KADHYPIASQE,0.8386428545540827
AADPCEFLCPWWQAM,WFALGELETVGEPL,0.708067463918003
AMGYATQTWDC,WEYCYCHLGFW,0.8421135470066654
FPGISCY,KAHEPQKD,0.5981569199978818
NYFQTQVSCINC,MHIQDNL,0.0773868058449585
RCTPH,KKFHF,0.598742096974662
VWFWQN,PWLGHSQWYS,0.7060657032287575
ACWVNAWHY,YFNFTLLAMCSPCL,0.4272493275581426
DTTWGNNTQMIRSQ,WWRCIESRISLFAI,0.5892773102230788
MYCKTH,LDGHYPMTPYNDRR,0.6202208540495042
YISAGYLIWKQQCP,MMFIRVGF,0.3149940655668646
RCERPRHD,AQSCLWDPN,0.3135826961264464
WKSDC,KHWLEPGNHACHLD,0.8667754104889605
KNKAICNHIGI,NPPIHTAGNNV,0.5972153894767184
RNYFMQ,RRLWD,0.8004356970029983
DHLCKKL,MWFSYH,0.20753714548738633
IWRLPL,HCKCKSQMCFE,0.8235460550855541
HWHPTHH,FCQAPQLAS,0.7750775506525732
YDHWFHYYGQLNFIT,YDHIPIM,0.43651860428302625
IWEYESARWFS,LQQNANFNA,0.2164782444205804
TSKLPF,NIVEFM,0.1317880730725941
EKIKNNMWVKAYRTN,RGNMEFPHHGDGAPQ,0.22243173402070748
DFQEPN,SFDIDWFSRGQFN,0.5904776026104384
QISYKAGMMNNKISN,ICPNVGMHF,0.8931882931367011
EYLGWCTRHHSMH,VFWIHYP,0.10142926969202082
KQHHTD,WLNSQWC,0.1008443024527167
PQEYFEENYF,VVPVWW,0.7186010371748555
PEQIRVKKAFG,KRYCIPYRI,0.5857238300434406
NSMIED,KASVHGWVT,0.9345603650847084
VMPNPNHTPTRGPCD,DPYSVWED,0.5336674511848507
FDIDIN,LVQGANCQ,0.6509165173368888
IEPQPYNLDHLCIA,CQALTKYN,0.6605328907595868
EINQKLR,QYVRR,0.9102295048857435
LCASGGMELRSM,TAGVFKAQ,0.32954430293975656
NGMYMS,TKYLFTAINLLEQI,0.288316641467697
MYDTSGYKHTKY,MHPKNIYSDQVQK,0.9327856253045368
FRQVPKPS,CGDWPLMQVHW,0.22797843256203698
TNMNEYGN,DHPRVNYSTITVYMM,0.016283638805775102
YQCYSWYVDVFRT,AWQEFRHDRSMIQI,0.699803248593466
IDPPICSSKRQVLLN,IKSDPLTVEASMDD,0.18245249751996984
RLQICM,QHSHFP,0.45043002394540144
YTLHGMDV,AADESCGY,0.7413125090227409
VSAPTAWELY,WQANHIHPWPN,0.9877102443516721
FQDPEWGQGIW,LAHARVIMCQPIYLA,0.875677676225819
CPRSKCC,YSCGC,0.1374706693710317
LDFQAQTY,RRWLRFYA,0.19310855728850085
QLFCTDIGITV,NRLPCQNQA,0.5915783790660579
YDMAQKRPEKQVCDS,KMLQIWQANQLWG,0.5310545392572805
RIKSFPFPRGWATV,APKQYCL,0.9154202141179575
MMRGCVYL,ASTWSAEH,0.9390468261965194
FPCVAI,NLRTWDEDYPALSKR,0.3001712126480415
DVNIQSYSAC,PDLGNKCGWI,0.8267108938806035
FWWIGRSKK,MFWDACEEQMN,0.9291439550889651
MPGHMFTMIPTQCQR,CSEKNFDDRACS,0.16161540404713115
CCKLPHRR,MGMHTH,0.39769167240807735
ADALHM,VTELLCIP,0.4610951523968818
EDSGVSATG,VCQVDSLYCEPKP,0.5040157191163546
GYPLMC,TKSAHIER,0.4916951735631673
EESVQDRAVAAIWE,IPVRDPSVPS,0.8472447433575377
NWRKH,FMLCNKN,0.7743512429385406
WHTNDQCFMAK,SAGGQYH,0.5263554985921368
VSHCLIGSRFIY,PWVLLSTNNQNSD,0.9089934301763102
RMSEWAMP,CLHMPGGGGM,0.1287678644435818
YAQTR,WHFEYEHQGN,0.4502512255747585
FYKYYD,QSVDSGQIMHSNERV,0.6429600234779433
CWVMRIYCC,FNPHVTIIRWLHGCD,0.6489315441480195
PINCQDG,TYAEWWLYNGN,0.05780857302120157
WITHLFWDSD,GYPLDKHD,0.6572644825775589
ELKMYF,ITCTGM,0.9725311238156263
LVCTHRPFV,DCRKAQCDY,0.29012309810066617
CFIMQGY,GFFPSWIFA,0.3879328408997993
YVNNC,HFTTFPYCRYGLCT,0.04947589624240745
TDATYD,FPVWGAQK,0.6975284597056729
IPPNGTACWKD,TKFTKKEVVSASFQ,0.9874496290928668
DWCWKRLIKI,SMHLPTPIRPQ,0.19992851240864296
GKDPPPL,EKFIGRVIVYQ,0.7233366463737028
LCIKPSFYMAIRL,FQLTIHILRWCGFI,0.5755345496716634
HNHGANATGTLI,LEVPNTTYI,0.37007788122306795
YYDQGTWCYFTSIT,CWCQCCWL,0.30594734450830985
ENTQWAR,DKVEKECVP,0.7475934027101236
NNEYVLHLCFFMAW,QSYWEMWVFTERCD,0.5749544024427115
THETVCDR,MSNIEME,0.5364801509117075
STVYIWI,HEGTM,0.869840420548155
HHYRKP,IELTF,0.2710186197714135
PEYQWSFNEHQD,TNGFEDFPSCIALS,0.02450141871749112
WWIYY,SNRVLPMSNTKGWEV,0.679448145065958
EHTPP,TFNIGPK,0.5153138967482845
WDRFYE,GALSFSSKNSD,0.686698529450765
TQRHAF,IDWWGIRIF,0.623532140771594
ISRAKK,KCWVWGC,0.5673690123486843
VLIMDLV,WVVCGTNAYTCH,0.7967797621102674
SFLSAAGDHVECWYH,WEYDRGAFM,0.19279774936731198
VRKQPKCHYKNWMQ,KHPHH,0.6782707537828134
FANTEIKGQ,CMDKLSASRN,0.24144187548060125
LCFPYLDSLVGPII,YETHRR,0.003707303526371941
IKGLFGCSQCH,GDWCIIAHYENKTEM,0.6208954889929298
KSFCIMYQWNFGI,YFYEARSFW,0.9183287579176874
MWTQP,WLCLVPY,0.1541652917961076
WKWEFE,YGNVTHQMQTNQ,0.39497146609414335
KYKYP,SFTKGWHYYCNTGT,0.11933019795041744
GWWCIIHGLVSPMK,FSVFWWQMKINGF,0.8394106964990738
DNNYDDSSVVV,LWCHVKTELAWDFV,0.059353974267319476
ILPAGDPQA,WIFKFFTHNNVD,0.880056948518074
QALGIHSHTV,SAMLCY,0.4171808368241341
CVDYKTGKPEFTRSV,ECLAGTQWQQCEHCY,0.38419108391386325
MEHMD,YPTEEI,0.1324084699705914
VAETTFLWRGTMP,DNPMTGCPGPQC,0.09895645393948749
QFLKYL,FGIHELLYHQTKWS,0.3226515230262922
HEVRQGIENYVPQ,QFLRACVDY,0.9008683660526268
QMVYQLDET,DCSQNRK,0.732454899323125
GTHYPKIH,WQQRHR,0.6843838207912998
FHMPNAYYT,QIIHATTITLYS,0.40635203533681663
PPGDCYPVGRVGD,KTRRQYSVEV,0.2777830535959003
VTTPQQRQ,YKLYDVF,0.49926224101714556
GKIARNERF,LGFEAAIHPHDSYF,0.9267890492285676
PLWIHEQNGLRRN,HQRMMVY,0.9470219343796165
WVQFFVK,WESRAYNGYLGANY,0.32247369980646867
INLDCPNPLE,LVWWPF,0.7516078781980948
VIGCVD,TFGVVTQNIA,0.35847392595162597
HYVYDVEC,AYKIKYTG,0.493532459080704
PEPAGSESLS,WAVRSSSQLNMNS,0.09987610571979011
DKKKLA,WIREQAKH,0.9660627035211614
EIAHTEQPFQHDI,WADRGQQK,0.25476570032730905
HCAWLMMKQDYLSE,FECWHMMCYVV,0.4309533929422287
AFYFAMDRSIP,YCSSG,0.005720868757729147
PNADTADKDGRFQ,DLDSSLD,0.05230311592232295
HQQGP,PSICETMGAWTSCCD,0.5237748954177709
KVMPGSL,MQEYSIH,0.3375784868077897
EGMFRGALFWHAQW,SKTSKEPLNQY,0.7868964955903215
QDCMRDGFYGLCEA,TWSNLHIV,0.41492490327623943
IQKDVVADP,LAIYW,0.5309544865476794
IKPVCTEKYG,HRAHLDCMSNLNNSD,0.13279241540409725
QLKVEDRYTDW,SPFMK,0.6832933504692452
TQEIIAQTYDWD,VCHYD,0.35741331481405425
KCQAVMRRFYV,TYGTYYILR,0.41472318308513245
MRCQFHQITNYCP,AYHRVWPVICG,0.35290022384639075
MLLESHH,HDNNCAHSSW,0.3250961088129235
CFPKFLTKV,TMNQGN,0.15390624981466738
HYRAKAMTSYPV,DKWHVCHRD,0.8917741124085173
FQYICFLNPLQRD,WNDLLI,0.8615748532305403
FHTYGMRAEDRRDPE,DEWVFHEWRDTLR,0.2600121056192449
FTEHSAPQDVL,EYVMYAM,0.7698402293942284
YDLMAWTLMWENRD,NRTLFKPIT,0.5887284175427432
QPHVKPQFIHG,HKNWGFVDK,0.4723094324242574
DPVMTMH,PADNRQNTNYFRFFA,0.2961061001191905
PFPGHQYQYMQHD,QDFYNQ,0.14372029752787563
NNWRQVMVKA,TADFDR,0.8480300890891849
ADQESE,VHKQQK,0.20171648414128207
QDCSFMILP,VDIEQWFL,0.52928366814953
RVRNFSSGQWIYYHN,KGKESTRMF,0.9121493438959913
RFVVK,VDGKAS,0.998111549212043
WRPSMPSY,CLHFFVTYGLKDS,0.0169885643762252
KYCYRDAGG,LFWMWDRMQGQSRAN,0.775531502316752
NGHREEH,FGTSQN,0.8364973986020491
SPTHS,NWWPYAYHQNNAED,0.8205822368707655
ISHFECMKMCFFH,RKQGEKTPN,0.8672629746936005
GYPLNSPDHF,IPVHVI,0.7301897634828312
PPYQHWWIMGWTITK,MLKNQDVF,0.4526352958372224
GQHCC,FKYCQ,0.9583314824488044
MPFPFQTFTVRKT,KDRFCGWKYPVVC,0.4082092582731386
RELHCC,PCGNRWFL,0.04558186890108051
NNFGIPKAQ,MQQATTFKH,0.6222109444312679
ARCRATIMGQPGW,MFNAQW,0.8098903070137634
IQLMDISMYDQ,NERYNQETFAET,0.26778116191836376
IWNNDANMWHRWHKP,DLQFDDWF,0.9163069666338023
DEPGDQNCSYMPC,SSTKQTEIEAETKCE,0.5126945424302499
CCRLHDQDPWHLPHN,EDFTGM,0.41121223614188385
NTYEHSRPGIQHLK,VMWNYNHLTNQFK,0.17335847053842357
LDPCGTVER,PSGGFRS,0.7973136133975275
CCAMANKNWNMYLSI,EGSLC,0.3327845464000255
VNVDMCIA,DQWFRWDLWNRDMM,0.04851134524164602
TTPEMKEW,SFCVMCMC,0.6114635224333739
VDRWASFGFQMSIWV,MGHDEKVFTFPMP,0.5346741096924158
YHRMT,KPCSLQ,0.030396796637171986
NNIINVCGY,ASSSQVRCER,0.6087133271758189
MIVLLPMD,NCEYCSMISRPRYHQ,0.8726503124682382
FMGEEPT,PSGCTPNLLWCES,0.7467075814989442
FTRLLFETAANEPAN,PAIAKANAGFHHI,0.2125911658191294
EWMKY,GDIDKSMYIAHEN,0.6679734258233487
ARQGCKYVETPSTEQ,NALKF,0.012115989505363856
EQWNCIDAM,VNPSAPPWWECGAD,0.7701579960678395
QTPEWNVMSCQWM,GMVWRGRYPML,0.6379700457022602
VSPMI,MISMCGEC,0.823672500307873
QKWLS,PGENQRKEFKR,0.4756303921071935
NRSQCDLFVG,RTKDYGLAIW,0.4847909351289761
KERSNDAQQHIEQ,IISSVAKFQHQGYWA,0.8446337351150522
GMNPYIFNN,LHSVMY,0.8212691090652634
INGHHRR,MWSRINMEYHYLT,0.575856401604711
DFSWDMSTPQCIPTT,QHGPY,0.48697866599954265
WKCFCAIYPMRN,FWFSITGHR,0.8406996374781129
PKFQTGA,RTTCRLLVDAY,0.33663535855734816
MQPQIQYCGIQKFA,NPEFKHFV,0.1528565701487561
WMRNNH,RYWPM,0.26872616342839506
FYLKAEMNM,YCYVSRMAWF,0.20974491806759343
WTYVTNQYNS,YADSD,0.38924059725845517
YLLNADCPYQ,TMAQHPL,0.2703018004195896
TKIMRGGI,TNYWWVQIP,0.0131825156422265
CWLIVGWQWL,DCHCDMSGMF,0.3177731775818241
FFGFTTIS,MHADYETEFPD,0.04223735976248
WQQPSM,LHKCWQVG,0.20464395995391516
TIHVV,MWAIASFWKYRMC,0.7535110098874122
VLYWGFNCSLMMIQ,KTWWVCV,0.3776408191903834
LDMHAQI,IVCVAELHRC,0.6913016028116865
HPGMFL,SGHCKNK,0.29915512344134687
HEKKSIKLNYQTRT,LTKNWP,0.5094394234842261
KIDYDTELYTMRS,TGYDHNSYSHFVW,0.9836697355967814
GVACEFGTC,DAFIRCQLQPAIN,0.5730369040509169
GINTHKIQPN,TGEAYY,0.49826536059543347
PESIQLRVIGPDETH,TKNNWKPTVQTPSR,0.6391582858066321
PKWCHHQRPIVSWRM,QYLVGMIIYFHDAMH,0.22277201394019408
KEARQWRCEDCV,SVYVDTTFSSKNYC,0.2512147775056256
CSMYDPCWIFRKD,QYLIDSYAKRHWRM,0.01883852398597552
TAQVHLYMGKYQE,HQWQVMQN,0.33678237784264964
LRVKPMWLFCHKEA,TYTVY,0.8283870266969301
TTHLAWWLAKGFA,DDQPHMTDNIQKGSI,0.7612683590390295
EVKFRPTFCP,HPWFNTCTVST,0.04515738889840104
SWTQGRTKVEGPP,NYSGEGMFSH,0.6578610910668301
RLHEYAYGD,GVVTESAQMPWIY,0.4321963936171662
RFELHHSYLSHT,TSMCQT,0.16858578262647284
CSCLETT,TTAWICPCPC,0.6169912535769839
DSFSK,CKEPENKKDR,0.2702648501630043
ERCQF,PGVKNICW,0.6506736119979094
QHHPAWMGPEV,RSKDDAS,0.8087421942995
FDPHEGDSAASLNIC,RTWWYNWCSAWQ,0.04429507852666659
LQHYSCI,CEFFWYHRE,0.23326828307991399
RSDFYSS,WKLWLFYWQC,0.09002327437530622
RAIRGARNMLNM,ADSFMQD,0.9113475719872577
RGTWNCEGGI,MYIEKVMHNREN,0.6004646120589763
SMRVP,DIMYC,0.7627063031488064
SFRQMIMLNP,GCLQTIMWW,0.33212354422051094
KHCQAWEADE,QEEAECLTMEPG,0.2803666711637688
NTQMR,EMRLRPFKTVM,0.8415316855237213
AFRAWQWTL,TEQHAF,0.017562236403255382
CNWKIRTGACHWYCR,YASNRKQYLRKW,0.19120979938197147
IEQNWNNRSNQRK,WMTVASID,0.3121789034721617
EEKHEY,TEPHEYQQAHYWQKE,0.04086902161954098
WWNYTKPTHFMI,MSEYDN,0.09636903974057265
WGYKIRYNMYHHF,SYNMQFPMSVYD,0.7441017809511609
ATQGNNWEAI,VSYQF,0.6649878953385079
GVFGHNN,KRRGYPGPTPNCC,0.4711649886198547
RRSETQNW,LMLTWQKIEV,0.532590392506021
PATISWHVKWDSRT,KLMYEWLICPR,0.4602758687926395
PPCMH,YLMIDPWMRETHNLR,0.6096624684728655
DMFCRIKNMFGIDC,MQAPQSIQVQVSIRH,0.9556675102458827
RMGIKQSLEINNYM,NADGMSHIGWIN,0.11367878806819032
CSHWCQKH,DTPEFYQR,0.3087625657520717
HQSEHTTPKW,STFWMWNDK,0.5134853042614016
EISVDCWW,CQHMHYLWH,0.425360722376511
AQDLAFMFM,YEWFQHP,0.2673048004018501
MPYQQIWMG,IFYMNIIYLGIVHPS,0.9090534127260433
GSPCQ,GGAHPVVTCTWNEET,0.5226808318617532
CQQWI,NGATFHHLHH,0.15896690786977552
AVPFIY,FEPFKR,0.0036935471062380376
WLNCEY,CSKHAPYDVTGSC,0.521982235868384
WAFMHIEHIPFYM,EIMYQMNPTS,0.7239087829674514
PVVTA,GDTMV,0.839099061536594
WFHIDRMQVQKNK,KVWNWSKYVN,0.32000000615945345
WHMFDMTVH,SKKGELHHRQM,0.6413878166675546
WKWSQNECMRETD,RKIVSTGMHP,0.8737919434639199
SVKKK,YTKHDV,0.6963313707284848
WGSDESPGNFFQIQL,ATIFP,0.8059809054252487
TLPEILEFKYWYF,CFPTYDHH,0.27645370443181083
YSCWYVLHLFKARIH,AHAFPNED,0.5705515401086556
WNMPRADLVVFMYA,GMPIPRDYQ,0.15917350534120622
MPAGIHTLKPC,KVSRGKRD,0.6467028391842028
WLPCMENVMIHAL,YRWGWCFTRTDDT,0.21978309875961588
VCHPRERC,FDTAHCI,0.9710740438960509
PCRRYPENAEHV,VMKLF,0.4293629007870552
EDSCHRY,LAELMCLSVLHRI,0.7368286672445016
PDDFPGLVM,GDENADCTVRIQFDC,0.3605945089651016
PLFQL,RYPELFK,0.5486361934002032
CPFMPNTADQAV,WQYYWHEN,0.7164315106176627
NPHCDYEGQQNNYRI,WFKEDKHVCHNDVH,0.7567440068718111
CGIIC,RFNVFNHKLP,0.16574634953771983
TCLDVHKFFCN,FTGWNGGTSPRE,0.4199900019067797
MCRPSRKTGNPWPLR,PTNANKEHQNSW,0.4805655575732555
LEPRYAAPDTSY,FRTDYW,0.9280917906489501
AHTFPQGCHMS,FDTSCSISVMEVG,0.20978696717811351
QHRPAE,LTQLMVKQQRVQI,0.8493065311177832
TWLLADELVV,PICTSYSF,0.443452568296118
SKRTGRHMFQSV,YFICNSHLH,0.6997938528842318
CDTHIMEPED,YVNWCSP,0.3839490816209846
RHAKLFLYF,SRNHAHL,0.18179330113101289
EIAFCMSWE,VMCTWNYCQLPDIPR,0.5903554872694345
WRMSDVTWQD,FDQRLL,0.6572032419339301
LRMAW,DDSQDIDWAPADHRM,0.642241544386433
TVHVDSRASPFFGMS,WEPRANKHMQLV,0.6813821575526279
DDGAPMFIHDRGFCP,SDSGDGSQP,0.371530466469174
MCAWCICIRV,WVNHDNI,0.981726011723009
TQPHTRQMYSLDTWL,TNRIY,0.5296310627708057
HPSLWDVGIEWH,TCRQTFQNDQL,0.8935225292908326
LALILESPDD,SFLDE,0.7643562413031465
HPSMKK,MMISDTGCRE,0.468739036775249
FELCFQKYNHQEQR,YWKIEFL,0.5006527315794033
TDNHCKHKNQNTHP,EPKRC,0.29490104898020175
CTVWP,VAFDGQWHGVT,0.14668141220773745
SQLGP,PARVACAIWYNSLKS,0.38148480522132433
EQHNWHWKYHCA,CKQYIKEFLDTGKD,0.3618138195701115
KDGIMCRTIVVFR,CDSDFTRKFKGWL,0.3398857382172824
PRKKFEDNTIK,MMMTQKDARYR,0.31240926991641116
YQDCARLKY,CMKDCRHYTGYY,0.6228575449344468
DTVVQW,HTERANEMMIKK,0.5937198015747633
EMNLIEPNTFMKMI,LFNHYTSPE,0.02340357701155682
NRDLQ,WTVKDICFDVAC,0.42040847188123354
RMVSGMM,KKHHNSSCN,0.1527625488904607
CLRYCPSHCHSLML,LWARGFSNTNQRQNH,0.13351755932098774
KYSGAWRRNC,YCSAPMTGTTWIPYP,0.7249327163726964
NNQGRALDCSGP,CLKDKPRDWYDLYLN,0.22006359438421852
VADENEKTG,FEHERYQN,0.4737571859288745
LSVHCDWE,NDPTCTGVTYDFCL,0.45030997413898854
SKIQRENTCGTC,TDKTQQPQGTWMY,0.5025869082349524
IHRSMIRLDVAW,FQSNNV,0.5792715178949748
IHMYCMITPQGG,KDDYYRMPYWMTVY,0.9806960236393241
GNLQFQ,VHDSLVIMWNK,0.8839034674410731
MQYHAACK,IWMCAMKHQTEEN,0.2279989903533931
DKFGEACWQTYPR,NCPCEVQNS,0.6793096574211457
CPISPT,QNMLSNYWLPGNFD,0.5732088614747972
VQGLWPW,SKIAVP,0.035911565336804285
SQQSGSGCI,LQTNFRI,0.8125513925893308
GTECY,NVQPEPVWRGPI,0.7629102615899876
PELDSFPW,RWKGMEKE,0.42841328171162607
DCNGKVDPW,DDYISTKMDM,0.8239220624620669
IEHIARSLKRTCFIQ,YSGKQFAKYIEYMP,0.8729211002547532
DMYHHCYPIVHT,KPCGFT,0.7144673581581773
PEAIEQVPI,VYFQYPETFKFLKA,0.6276873844695259
VKEAAY,YAGNCHT,0.44802099507770543
LCMHMTKY,WIYSL,0.6710988200349508
HHRKF,DCHAEGANK,0.5521892255586979
QLQVDNWADQLWARD,LRVWCM,0.8099198078067261
PWTCPTC,NNMAMWAKT,0.984430733670504
DNPCFH,CCGMYST,0.5809249678474722
KDQMHYFAECGSEIE,EIIGKQPWQNQMHM,0.7032669429443038
WACTPSAL,HVCHGHQDPRQCQL,0.0706013189786665
AWRNG,FWVADLKRFN,0.7910616803554447
QFPMKWPAELYP,TFHKRDMGICLAN,0.42071926963627015
HAFDMCISM,NTGYGAWYQGWVPKK,0.313960196926255
LPFCDDTW,SGASHKISHV,0.2025250464182229
EQAPGKHTSARW,LYSYEMPKFSGKID,0.5248313179417992
EAMCFKN,EKRCIHPFCQQEEEG,0.9888329194377595
EQHSHCRVIFL,KVQLKSPIDERC,0.8785276849932582
CKFPEILEIGHA,WVTGSPYAWM,0.5446460659860589
CDVLEHVPSPPEYV,LMIRYD,0.624315229695221
KMVFLL,ENWKSA,0.039791545592195665
RRFHN,KYKGETCRW,0.4524330254565698
WWVKAYRMKITQCL,FGRVH,0.21013094084537698
NARWDG,HNISANYPIGM,0.5141883348398574
YAQELNNYLDREVPR,DQQFHGSYG,0.3527423633872384
VCVHA,QKHIQ,0.06480196357075563
SQPNFQPHWMW,RVTCDEWYGM,0.4941125035474312
VDIPIENCRF,QPTCKSSFGPRL,0.05807813672591999
FDLWNYFRFI,ETMQT,0.581030885148793
MKCILMTLM,IAMTCSYTGREI,0.36959388486987166
VLIQQYVEVCIEY,HMTGVHFH,0.9875662148633934
DGQLVM,VVSRM,0.7621055969015325
AKQWLKRAEATTMHN,KMMCKYGGQIG,0.6271875157252442
PHNQTKHDSEGLYSA,TFMIC,0.16764826629301177
GYPEMEERWS,PLSDPQWRHPDMYM,0.8267742287362224
FAHDGEN,VRTNKNMEV,0.21009788293784815
QYDKY,CYHNDLGKDIACRN,0.2635745447165819
HWKLDLHARYHRL,REDFNFKMFSE,0.5117264348513921
YSYQSRWHD,YQLITW,0.4110249147218691
WDNHKTKCCPNF,FEVWRNFDADEEAC,0.5251236261640052
ECTQYYILP,IKDWMPQNTLIAC,0.8612445529964163
WWIDVIIGIYVCR,EICCRVGHF,0.9594848231739862
RKKERVRKTNDH,NSSGSS,0.6852478420658905
YCYSCKWKNRSDE,PEHVNTSAESATK,0.3985936796611067
GLTHNLRFSEH,ATGHRIT,0.15093767820146176
TLQVKLQFDGYCRNN,AQKYQKCAPW,0.5936778217490621
PLQDMNTEC,VRRVWYAKH,0.6812587612030967
LQICIPYAGP,PWNSLMASSKM,0.1804067053982339
MSECSM,NIRNKILAF,0.9356541829675185
TQHQQCNTAM,NMPDMQPSCAT,0.7863512684993452
SKWEFMTSNQ,ELCLIQFACKR,0.6026272403289177
TRRTKWDDAHQDK,LYMNVIHCVS,0.6320348370799764
MYEHRDDQQHFYKS,IDCLHHYLLRQDGP,0.3337396363781969
CSSADS,CQTNGP,0.08821576496349293
NLWAHACDPNFQA,KDGEPLMCCRYVRI,0.8784939781373748
TWWHEMR,DNQITAK,0.5468228094262502
MCTSMRYE,DTDTITRARCIWV,0.15468630141316586
ARWWVLQEQDTYK,GCETGVYMWPV,0.5670724335837415
FDYDDDSRNAHDG,ACMWTEQRF,0.7891116257013409
RQTFKYKVVTWIAQ,YCWMWSA,0.5229947465924576
DKQCDKNDWYCYHNY,CINQWC,0.3869665551732072
FKLSSN,IAELTYQHKRAIWV,0.6556632651696949
WIQYYMDLDLFWART,CNEACKHAYGRY,0.762417943017866
QYIQEPCCSSSF,VNHRQF,0.5107435566709644
LMMTMASYVDLVKAE,DNLNNVKDGYSKRYS,0.13381510090440019
VHRLDRLDQQQNLVM,WYFHMFSSAHESQ,0.8084214629721111
GNIQSGCNDIT,FELGYSRKMVF,0.6488560052776328
AVHCHIIQFPNWCH,KCVYKRK,0.4884543270397397
EMAQKMKALA,MYYVWMMYHFWSPT,0.9154083758725968
IINTDQHMSH,WMHCTWRIKHC,0.38802397038987735
GYFPYCVFGGNTPY,ENRAAWWHAPH,0.7604251194731125
CHCTLFSQHTKMFK,QPVCC,0.9657240405380021
MQMVPMELQTWGPT,LMIPQD,0.03664792979565512
WRCFLFRSTKV,RKIQEPKPW,0.11842169647719947
PTGGEQ,TWQCEACDKH,0.4546815945665269
KDEFTLNK,IYAVSQCHHVWWHS,0.13195517077629315
WFGASGNPARSCVHG,QGPPAGYLSRTLNWR,0.48104763611656254
WKIQCW,QPWQTAYGQFHRFV,0.14673456988841072
FNMDQNS,AHWVKM,0.5548369448183367
GVFDTHNIRFKDE,CMPWYYHPV,0.3876222338771764
KGNLIWHKQ,ISFINDICCYNNP,0.6066953829934117
VWIRTAYPT,NWWMCIKGSVY,0.23096776920485274
SCWQGIPRWQMFKAY,GQRYQNGNYIFAL,0.27490095723635755
HWSGVEKHT,STHAEHALYHD,0.7064401023937827
KAVTWLKTRVTTQMI,EDMECEWRDSH,0.6627536187298367
RMHQSPEKPAFHND,CRAAVK,0.8495373534907317
MYTSTQSH,AFPYNKGAVDIKSPA,0.6613529421671343
VDENHGCIIITN,HYWHVNSMHNEERSH,0.6074719421723496
WWPPW,AYFQVSVDIMC,0.45412141771108083
EREKKGCIWDRK,YVQDWDTTFSAE,0.046220170278924666
TLFFWTGRIKFF,CSREIWS,0.7138481163694175
REESAYFLF,NLAICDDKMHNRV,0.044238719498538415
QLADHQQRRRGCCH,RQLRCNACYHFMTP,0.4908297980420562
LIPQTRTA,CYPEWLEM,0.46024166428321955
PHIIYNNGMWVDH,YHCCMESECN,0.614183428986115
KGHYLYGIKWGTW,GDWYDWCCGYQRWV,0.8622522020233004
HVHYSEVQSCDFA,CYYNRR,0.7829405943274923
ELDVLKYNL,DPAAFCWQFDRLVDV,0.8650312514997008
TVDCVE,IEVSMKVK,0.9965437201739429
RTNQFYA,EQTHSFTLIWC,0.1910089205080212
EWFLCHGYDIWDHA,FSQQYCQTYCGVA,0.354313237149395
TQLYNAYQYHRR,NYFWAFY,0.44609105596892307
DVTGSRMPCGFSIA,TCIENTFDLMINI,0.8003660029682397
ESGSQDLK,TWLSVIRWCMI,0.4422591867754282
WPICIEKIG,CNSSHAYIEH,0.7397350750979879
KSTPKKAHLFQELP,RNHHPEET,0.7659421575874723
CLCTHYQHFKNNW,DVDGDFKDTHQ,0.8398643419548284
DKCQNGGCMDQEE,GEQVPYMLYY,0.6582001663654888
AKRHRSKTHWT,CPKPRWRQNIFNTV,0.8798524530084462
ERPVDMAD,WYEICMFGF,0.10015004368800373
QLKQRRH,TFCTT,0.32926959797936384
IQQIHDADAYVFPP,LAYGVSIQQLSKR,0.6321256163918084
TVMCSDKDWRK,RWWHEYKNY,0.6813455584955043
LVNFNTCAPRYT,IWNMYCFGC,0.7676317492000143
NNGLLNPQTLRMKH,GAQAHTPWMT,0.4399782916614349
GPVDPP,SNHWNIT,0.9050682934577357
QAGEHFFWHPTQ,DWAVGFS,0.35747639929487085
VRIKWQI,YGIWGYYQNFVWTH,0.6437074549020391
STPGRQDEPDKY,VFTLKQLDWW,0.5247976070526327
FNYIGQEVM,MQDWT,0.6178673103712804
HDFNLY,DDIMCWG,0.6755018597630716
SSNVVVPDCW,FTQREVM,0.7391506971615827
YSYSPVDNMEDF,GTQQALPEPTAM,0.5165782889265451
EGKMRCPHDT,VTFKLNKHEL,0.7109083445531725
YSATLGEGRKPF,GCTWPI,0.2801566888645851
KFTKKLVSIADAT,TWCWIPQ,0.04471247875079232
CHYECS,AWLQR,0.3676444886763065
WENYYSVYKVRVRHH,HHQWDA,0.5091008285984018
WPDKPVPPK,FNSSFITQL,0.20923657793306272
VSKEHAHRRD,WEEPIES,0.9718585839595638
GCNMSEASNFSRY,WAPNPLF,0.3113633175484195
RTGMDS,RYIVQFF,0.30856877481761513
KNAHFR,EQTFPVP,0.4833972748441534
NVPMNIGSRQRMFH,AILQVTS,0.05140626170784757
ESLDKKCKDFCQKN,DKCIAIWN,0.9197462253388814
VNPYQWRKEML,AEPSDMEVICLE,0.10240272993253718
DRVDFLRWIYPK,ITTNVN,0.15238438499129559
IGMDHI,PECVQTKRGVSLH,0.22682172788513366
LSDNAVVFT,DFYFQEYWM,0.6481765865778834
AMCALHLHITTD,DPGENQRETYPERIC,0.3227040831061584
MLKKVHS,TPYFQWF,0.04921956508198455
PIWHAQKGCEAPSHP,SLSCPMGQLDFLHVW,0.4005963469725411
NEPNCNELVDWEASF,QHAQFI,0.9904801729617236
KTPKAVAKKVHGDC,QMGINRQIHGL,0.11383083704336983
GESEYQC,HNSWQIKRCN,0.6277852114293873
ERGCDVGWVC,HKAWCRNFHMIELAD,0.3935439573163948
SNLSIDCL,EYQCVLDQD,0.9343938289317814
CAPWANNDSQD,WNSKWK,0.5338150158654189
KCPFYIYSMKWLAL,NLAYLCKVFSYEK,0.07464778232317104
GYAWLNTIIPNMAR,QAYQYMLMITW,0.037474487593615935
CCQTRYVFMTVWPY,QWQHDCSHEYQSPED,0.6388701158606304
GQHFYHWDWPAA,ENIAH,0.8783414428883157
KVRSMSP,GGPSGAADYLH,0.4503342480801803
MVTKDY,QKKNNWVCTIHQA,0.44640868557786073
TIESQALWKFA,AKIQLARYNP,0.053436814797746646
QRETPTFYY,KDPQDQFFQNRE,0.8824801455596359
GWRFE,DMLQKFCHGM,0.23212076454467734
IVNLNQNQNCDCGNF,TSPHGQFYSVWGF,0.9735227324258771
RGTAYQPQVAKQQ,SSHDNPFPT,0.8042965589313039
KYGQLISVFG,GLFVVGMQQ,0.6275630613193631
MHIHVTYFQYW,EFNMDRRFNTPVN,0.3571604969080663
EHPCLTNP,CEYYSKCEV,0.5123781211072395
TFLYTTMFCN,LHVHG,0.2634045884908266
SPNCCAHTCDWK,ILNVDFAGKHW,0.976326707549607
PKDCCTKPK,RFCAVVD,0.574504977540711
SPLLKPDQQAMNDA,FVHIIR,0.2934444548542776
NTWDMI,ENPTYNKTWPW,0.9149794337248993
RKFSCHKYSHVS,RNEQIFCWN,0.9896757619969735
LPGYMQD,VGETE,0.819402774960929
MTVKEFWS,RAFHGGFDHQRKRQQ,0.42325843666217644
ELQLQVNHGH,TASYQRVNGSYET,0.8562247784977626
LSAFAF,PYKGLE,0.9537788428229327
LFLSTTIK,HTCFS,0.8144035266462635
ICADG,WETPGIESRS,0.06639365428690913
PWIYEGFG,EDYPFDD,0.21792918397211825
HNEATWA,NDFAAEKKRDW,0.13471255908277613
DQVHFLIIEMSPKRD,ITKKSPHTFREP,0.31929800271813447
SEIINYF,CWEFNSTE,0.21862979053245857
SNVGD,FRYDD,0.49860912193381723
CSVVYVFC,LWSTSWALE,0.6619051710390494
SPEIVSIMERML,QDCIKVK,0.868604042522797
LNPSPFVLFFKI,QMRYTLPLT,0.3550672350994658
WINDCKI,DSPVWCIMMWE,0.9449032880233188
AMHLKILGAKGCWG,LDMWEHAYSHIMRWR,0.36605148354922246
MPSWCCAFEHHTQ,WLPLSCE,0.7064184763803817
EPDVRMGSG,CYDLMFH,0.16016696096524563
SKKNQLMSDI,KWPQVVLATGAPF,0.9100120418019653
RFFNNLTH,INPGINR,0.669359960759447
HESQFK,LEDLIG,0.6625463846264946
ADVHRLQIFKSSQ,NEAVDDEQ,0.2335214250122054
HASWEYHPP,TNPTEERQTFGHVTH,0.5090439572446257
NIIWCILHYPHEQE,LNWALTAIQSQCS,0.9617319148746153
LECYGFQCCMEVKE,EQLPWIPFWN,0.7740231956767974
DKRIWF,KGLLHEWNAC,0.2083773069878695
HTQENHFR,HCTDQNWEGCW,0.03774586421776671
GADCITMWVLNR,FEHSRKKLREK,0.5649348708232221
PWHTSITTK,RQYAIHGMPNCFDQ,0.0887282366411889
VRLWENI,ANVFV,0.5592105863115844
FVGPG,TCVCTS,0.9217666589112636
QRFLYN,RMWDIEKKLK,0.6618887953780574
CDSHLGMLCQ,DNMGM,0.6425329607999132
IRVIADWHRLCM,HHDTASEWWLP,0.9959297688427978
RKLGETPE,FHHRIKWIHRNR,0.22676865180312944
MICSQE,GEPRKDCE,0.17505034282867538
ERVMKAPMQQ,QAEGFYGLM,0.09047023487027928
IHCASS,SRDLPESNNPNMQM,0.8545364364435167
IFCKYHEQ,DMCVKAQE,0.7363880080941937
YCTQRAMT,CHEEH,0.06897256933145379
NEFMWDFIEK,IVAPHEFMFRWNE,0.3469594763728141
AFFQGPAVKS,TPQNPCIQELK,0.7388661522737852
YDMYVEYNYQQY,VENVVMVQ,0.5375441629248776
HPVHVLH,FLWCHDPM,0.5830779480402204
WKMRMRAASDFKFC,ELFNYDYEQSF,0.7970969705958753
IGEFAWN,REQTRFVL,0.02396599163662061
RHGPSMYPGATH,RCLRSWAYLIQKPI,0.46656376801715804
FCWYTQFV,EPWMVTFCDPYDWQ,0.20730395093479081
HKAVCEPDFCNTW,YKVPMGQEQY,0.2916369571887638
MKLEEKPH,RIQTMSP,0.3843006554734635
KPGSCYIEKMRSTS,NCHFPNVEHP,0.4709427037016971
SKCWH,KPSRVNPKPDPKYHS,0.2546081199405804
ERGLLIPCDLEEA,PLNNNHQGIPNKCM,0.1766859794196146
RIKKIRIHYCVYD,TTDLGLWHINTDIS,0.12233171869350157
ESYSSHRPICIKFL,AGAPQMIAYDVAI,0.7430104660405926
PQQPGLQGPY,AKNWAMGTIDFN,0.5723018970842404
ASPWINW,NEQALQMFNLTRD,0.5447693488257783
WVEKQMMVNRSWV,KVAWKIAAAH,0.650301740186893
PSHDRW,SKNVNPAYIGN,0.921578113936719
QAELCSKKGKE,EKMTYKNMLRADLK,0.48705616792838846
REEWLTE,TAPFIQAGGWGPWIG,0.740723676472092
RTEYV,YNWTIHADSD,0.9233485902032837
PPVEGIGHNLQD,PKLHKEWEPH,0.6097593539573593
GYQSA,WPGSGHWH,0.4246947844597847
MAPYSWLH,QHNPHCTFF,0.44195345046324563
HQHHFIIPYVT,LCDHH,0.33667010823732557
LQRVD,ETVCRI,0.9483045873162296
DMYSFLQVMQAPWH,ECVWSFSDYLKGPRP,0.8975598451911272
IATHKPKPCKWWYVW,HQNENHQHRHKYH,0.07692256952539289
GEDMNVMDSHQ,PKCWMPINGL,0.6644043705913673
YLVYLMFEWQDYA,LSPIDKMRR,0.40448949161577263
WSFGLVDDMR,TTDNRY,0.5518113976106441
SHFNWC,EGWFHLMFDFCS,0.6455304312268583
IRRIPNVTFD,FPWYKALM,0.942791926016504
DHNEWN,TNIEMEG,0.8912403359892487
VYNACMT,KHCEKHHQWRLTM,0.09888187220637923
HIQSMPFIMLD,MVIQEG,0.7877356392384186
TLLPDQTRN,LRKIETNCHFI,0.2998518931700075
MQGTNPFGY,PGISGWCNNAAANH,0.2734574129257077
YHTFR,NMFWRERM,0.47951271672996854
RCVELIYQ,QGGQIRMMPWT,0.6990504778128802
YMHQYSI,RNKNVTVHRHMWRT,0.05857362378562536
RGWRMCHSVCWHQ,ECRLM,0.5907987077172513
DQGDFRRARNQYDY,VTTTGMPWLCAHNGY,0.8172984314147583
QECILWDMHKD,TSSFLVMIMC,0.2033956624120089
FDIHNERSYQC,PFMSTDCF,0.48685340442405123
VQGQIDCLQMAN,TCWHATRPWYRP,0.4497484884247298
LQCNIYRGDHRVMK,TKNIDVW,0.025830453157007716
ITSMC,FTIPQRMARYATHD,0.9962238157425931
MTQSFQDVQAKHAN,ARDFNAYMVYH,0.5914913327274091
ENVAYMIMKWAHWMS,VHFKNQHMDMDGCDF,0.7189655591504914
MDLHWYPMQQAADVF,FCHQSLIKWCQM,0.12537493211041784
PFIDPCG,KFISCAHHVSYCPG,0.4050680941985213
PELWQWDFPGP,FQVTFLEHVDGIQAD,0.6644379171499752
EIQTPKEYKAPCDDM,WLEAENYQKHFEC,0.9969207066399158
HCWSDS,GTQCVPQYH,0.9710934326148211
AIYIDWERH,HVPGTAID,0.770650535331948
CHNGGCAHSETQ,QMDYADKK,0.028671799688844035
NVKNGQRQDNGWP,VGGGDSFHFAKSK,0.15156264919603146
RFPREYSMGK,GSWVPQAEMSG,0.9617431972380076
HVWKHCCR,MSVSIVFTHRLTDG,0.6344148989608949
ECRNLV,AYTYYSST,0.9692444200279082
QWDLQQMDAET,SSAHFMMCL,0.749101288836972
RRRFR,LQIMRFGLAGFAA,0.575137970790334
QAKEWSWEIDICL,WHMPKA,0.6458096473302135
IDWFMSD,DDGEAGQEVVPRI,0.3844708256950987
LGAPIWWYM,DGGARLNRCFGY,0.8191700517174944
WVTCA,TPCLPCPD,0.11657505898051146
HIAVEIDLCMED,MLNRLRYVN,0.8906916990027398
ASGLIIVMGYQK,EIYTSEAT,0.4156161202275125
IKIVEEA,QECMPAHMCICAMKQ,0.4524198879277683
KHAQWYYDLLQ,WEANS,0.12311428487139331
HSVMWTI,ITRCIKMA,0.7462548865195655
YSDHAQ,LPACFHSYAL,0.9899476797542562
QHYRK,LESQECFTNRLCID,0.41386293944349417
GCKPREGDG,ATHWSR,0.9525465002503956
QKLSDRPE,YDETYL,0.0014956603910761812
PDDKGEDAEVIMRY,LHKYD,0.9973818906653492
HLMPHGGI,SGSWEDPA,0.7466054886144124
FVEAQHGGPKG,EWGCYWQAGR,0.915270605985152
IHCANVHRISMI,SLEPFEPICWLC,0.2778848422608977
GNCDPPAYVTEKCWP,PHNYQGHQNIID,0.8113077279189965
RYFRAENGV,NDYMWC,0.921719365060863
YVKRWCKWMANQD,MKSGPMKLKVY,0.1344272776948945
YCYET,KFICAMHGMFTNCNN,0.849029629217736
QVYESISKGEEF,GTDKAKRSWSWF,0.12800593773752078
VSLRM,YPTSYGGKKYMDNM,0.6800493724565831
VGGDFMGPW,GERACERLWD,0.9788483397676067
WGSPFTMAH,IHVSA,0.26866487125842686
YHWVGDVGYPAIRG,AMFGR,0.5883830975310345
YMYSSDRIQ,LNPAMSNCGKA,0.03961782956399407
PNTFGNTSEFRIWCE,YVISPTDLWRNMSR,0.8996443747622345
TENWEGH,AASHMTCVWKYIAA,0.20875677261649084
TQEDKLP,TYMQFDCTYCCVHQ,0.4377181229885613
DMRTPIATSPA,PQHDNTEAPTQCF,0.4233767207989598
SGWNSASM,GKKINNGV,0.22070720710682334
VCDSVTHLFM,VKDCCDVRT,0.42097602403329415
PDTDGMTDW,WQEDFKWGAYIAH,0.3580834241002572
FIIGW,LQWLSI,0.74036939454187
IVTDEDDYIPDWWVP,KEWHLACP,0.09378734584415682
KHEKVQP,YNHMQWPSYHAQV,0.8642442930664084
HDWQWTRCA,VCPFGK,0.6142681842458756
SDDKSYT,CNMLA,0.3273978318998212
NYGCYE,FWNYPCC,0.6356647037299654
ILLYPPDWWIM,QGMIL,0.27607817809471835
MMTINKNQRRFAY,KHYSRYGIAVQ,0.40360539496166725
ILDDW,YKFPIYD,0.274347814126057
TVTGDVYWFT,HALRPF,0.026901778703789403
RDQDR,LDFNKLKEW,0.1642045841462072
IRQCTVAICCN,RDLYIY,0.2453132329647545
DERRQGKHSQG,IKTWWSYVGCWVV,0.8583468299393494
CPPEEIK,VKVGPLTQNPI,0.06266711248398726
NTWMRKEYMYDF,KWTHN,0.3040454525609775
CITYPCQLQKICIK,YDHGFCRVS,0.3954528935847107
DCPTAGMCN,EDCSKGRIINEYQ,0.3604965018799975
EFWFCNAYL,TPCDQPSMC,0.8816820927498481
HWAIG,LAQFFQS,0.14011249593312813
MHIIDQHVMMS,VMECMNKAKGSHC,0.809003922171102
NINVG,YEEVHQ,0.813556120191116
QCPYFFQ,CRFARCPYK,0.1100436713515629
SEYMRQW,LDRVIYFC,0.38373010044047895
KDGPWARQFY,DKTPWACG,0.4896162580818526
CEPLTDVMYSCCHW,FWLDD,0.12824068501301145
CNICRLY,RNLQKSDPIWSW,0.21818528373900326
SKWWYLIGK,RYYRGNGYLMVWPCY,0.5676116539877393
WDITYIQMGVQPPR,FMRAWNQTMA,0.7822947930577253
QNEDINVF,SNCFDKK,0.35670418839949436
QHLMTDEDYIKK,QDPYEVQVNYGLD,0.9045959013912518
HYLRLG,LTAVNDWE,0.3813921875776939
MWDFN,MQRIIVMAQ,0.6123405518658882
SCTSYFFASKGEDG,VESFIEYDNSIQIIL,0.33485508975397804
GRVMQG,QATQIKQFTWI,0.5826478358949244
CWHSE,CCDKGDC,0.1579507264447121
WLMSYKWNTN,WFIYYPSVETRQ,0.18270770077383214
ERNDQTRTRAVWLH,MFDMGCAHDKTCAV,0.6853091004391881
KMALTDKYCFYKMEI,DICLI,0.3756290961117137
FEQYIIHHTD,YQKSFVPHHCAAD,0.880798647274883
PLKIMMSDEKEN,WKSEMTSVD,0.8118928081742044
KGQQPRWWCCTCA,FHRWDMCKLTDN,0.2986305624831911
DRPMPMTQVFS,LCIEVPSTLFIESK,0.044981196718855254
IELDYWKTRRAIF,SKLDIKAFTL,0.2163318911738249
GQHWWQAWA,IGQMPFQCCH,0.8583149982150362
EITTN,MSVGCHTR,0.7928128087464434
ENKNIPICWK,EANHSIMYVEMHAKG,0.814353321102061
IRKHEFRDDNISWTE,KVQDW,0.32337637247502904
FCKPNARWCI,WFMWLQID,0.9728027371980296
YPSEQFE,KMLCVQSMWYNFC,0.7429511010764659
RTIGCCDA,SSGHAMTSLN,0.33452255534585607
VDWDDGECTWFDSK,YHVKGA,0.06354588067984102
YCQIHWTEAENP,QRKCLNLR,0.7220063878504167
DHHYN,GKCRATMDEF,0.20828626924562066
ERWEA,RDREREPLDCL,0.9367911501362574
MSFIV,QLPYDESEVI,0.9685438593557937
HFRWG,GNNFIWTYA,0.7794875524084895
ECRQLTKWWGET,VEAEKYNMCYGQGT,0.9253595969330222
YDSNEFRKK,KACLV,0.2558179860934975
RTPPKNIPCEAMNG,WTCWK,0.54932649731137
YMIDTKEFFIDHAQR,VQWGE,0.4811111401072281
LSVNIPMD,KLGGNVV,0.18056793908361402
RWTQNPQKT,EGKYWAFNRSHC,0.9106049652095413
ETLYKDEH,PPYHQFPDRY,0.22869381735222716
FAASNALDYAM,EVENTFQGSTCT,0.000793623184338621
APCCTRGSKNHPI,LPTLEPIFLPP,0.468821985684546
LPWTWDFTDYVR,ARMMHARYST,0.24120033500121585
EEWIWYWV,EMQWN,0.23342514832395822
VAAHGQSIQ,NESWSWV,0.2526909405376869
NDHDNVV,PGMWNEEY,0.3611972054540613
KDMNQYHRFGGCNVQ,FAEIATWT,0.37797054448138967
QCLFQLIL,VCPRYGSQAV,0.7389371148925759
FNMVSHLEMW,MNNQFESEETIEKA,0.08369204680466169
WILPFKCK,ANRYFDYGGENKH,0.6866377404496202
HVPDVRFVEAQLGWC,IWPPYDFLELHIEW,0.2924107132871422
FIKHKIAIWEE,ESGCFKPSNEK,0.8294586181489605
NMLKQPY,CIRDKYLE,0.1488169011294701
DVNFMGVQ,PIIVDAPDTFANQ,0.09279499288243576
IDRVGFSHGNR,WHDCEDIFHACFS,0.2607143647721579
EWPRVQ,NDFTMK,0.7816676764813081
HCEVDAL,LDLYIRVECMRGSH,0.45798843745874707
AYVESAILAV,SNRYHMLKPTEFF,0.5170586218428367
DTNYTMEDCHRL,NYKCVWE,0.5896454291336201
YGLIAIRVSV,RQYGVHMSRMTM,0.31681516925734476
LGMPDKFYIANQKF,QRLKERGLQS,0.0635276595802089
EYPYVQ,HFSVRCNEEE,0.8748485720768844
YVEWHHNWGENR,ADERQPEVGE,0.008077228736230957
DSNSHDAWDQMGNE,ESVPCWSFGGN,0.01396400915952678
GSAAGNCHKQAG,AARKEQAKAWVTCN,0.3222306615517653
VSMYNYRDRK,ECTPAFCRCFI,0.24386021823296133
GAWFQI,MEETCWFV,0.49554711319976663
YCGHHNQHNQE,KAMLQ,0.43544672746156066
KEHGWLE,IKWRTCYVIF,0.0947585814731775
CMQMQIILYLW,RIAHLEKKKDFDY,0.19431917407935495
YKSPH,SDPSGRYG,0.698365066411618
NIPVVCTD,RIGTDRLL,0.8043911633936758
ATVLCCTPHCGLHCR,VMLKWAVFGGPAGKC,0.5020484555631749
MRRMNYDVPEPRWTP,VDNACTPNEQ,0.059774541109094526
DAPDCFLT,VGFHS,0.7230866603308189
IWGLEFTGPKQD,SEGKHE,0.5359135529430453
PETQERM,NKSAIGMRISK,0.9650292042136845
LGDNIGISLTDG,AQEMRGQYAHMHVL,0.08577410364165783
NAHPVP,EIGHNASNF,0.20613042699021922
WIDVL,CQALPKCFMWGFC,0.08430773261615987
YIVMH,CSTYIKVTDVS,0.0920992116504813
ICQIRHRSGSHIW,NTYCQVCIMPA,0.0649229157728749
LYPERMQGQNNNTCA,DLQND,0.2288399594510656
FQLQHFS,HALTNAYISKHAR,0.48138108502969645
DVRIYWCG,GKMFIPQAKRVD,0.41255279757701036
TCSPT,EEKVWPS,0.6313073344818108
HQIYNEG,AMMMHMHNTISNFQ,0.9452885672464053
QFRKMSCAYCAD,QQVMLIR,0.014782141788938885
IKMCE,SPTTPNDDLG,0.7984318103529762
MEFTMIVVTKPVNDM,KRCVQKKFTSKEW,0.07761624119276289
DFPHFW,VAETNSMPQNMEDER,0.45610760224847346
IIVEGMFMP,SFCRWMTH,0.04533731650664996
ICQDLWGAH,ENEFQMYFV,0.6713879958196666
FVCFTHSWC,SYHYPAGSPKAIEPT,0.6308618077971451
CWWRSAYWNPCN,EIYMYGNMSQFC,0.3200835021081916
GAAMQKH,SQTCRDL,0.3011922994917178
ACSTMVQR,IIPQQ,0.33066848487396605
LIIDRMDDPWIHW,VMVSWDQGSW,0.4541415187638218
FNFRVSNY,DTMHEKALWYKGKAA,0.0528790385018747
VFCCK,MMVYCEEEWNQSTTH,0.6423148181134158
AHQFGPLDC,QADMN,0.6516978207070572
WFRTVVKHI,YEPPCKAWQR,0.0022995929627708245
GQMGQMCWRPGFD,VELIAADAPLP,0.8637248458550404
FRFITDYQPLDLA,YKQVGFT,0.8219681425257477
NHYCVIAIK,PEGYQVVCART,0.6565457001173689
FEKCHMHA,DEVFNNWEFIANGLT,0.24439112040771327
SHTGSFARPVSWST,FISAW,0.8086355754843803
IRQVWLNNMEIRW,FHTVHIFSG,0.07210199812269003
WGQGYSG,QTSSGA,0.9420657028502073
IPIQSTPDNHGELK,VTGVMDIR,0.1792058550322707
AIPNKNCVNYKG,YFIWKEEDKITP,0.743045979709744
GLFEVQFQE,YKNDNNLWVWDCGP,0.012237380476626591
VNARCRGGQVIRP,EYNDIIYWNKE,0.03324037084574871
DMDCFNTQCK,IYWWQEWPYM,0.18468618538407733
DHSHKQLYP,HNLYNLLP,0.054229834564175294
IGENDFH,WKHFMAWTVT,0.9589376337990351
SRWINQESPYYYN,HPRYNE,0.431737213390162
PRMDVSPQMHENWH,KAVGAYQ,0.33524063212280564
FHYQKYKCNC,DPRCSRQVVRN,0.6470319233192686
QPKKNTDMSK,HAMNHWTL,0.9423809076483339
QPSHDKMDLVEELE,NMPTI,0.9099536142898693
GNWRDAKQYDV,RQQGAPR,0.01886688675940118
WIKNRDVVNPY,CEHFNLK,0.32644092973703465
CWWWP,WDWNPDWWTMYTPV,0.8309424008287891
GLDESWWCVNI,MVCQFWKKDMN,0.1681996754430728
LHERGSFLAMMMWGI,ESWPSTAFWLDE,0.7409004427163037
YAWVRKG,YQLPVCCL,0.09583763248679111
HHEGLFEWGPDFGC,PCYHFCNQ,0.7882613402113507
TSAWYMSATAFWN,DHPTN,0.027308496860532605
MTGDRTKKGVYR,NMELER,0.40885766208469576
YTRFCE,VHTGPSLAR,0.03666818218750345
GPMSRHWKWS,KDFYWVQLHSPSP,0.31503709461828966
ENTPWPFNVF,VYCQYEMHGIYAT,0.2560945549589283
GETRGEVY,SMHMCRCVLGTII,0.7385353415371732
ACNFEKGI,QWALLCAFTAHVDG,0.5663898001735471
FHMYVTVQLPNMGF,YFWRD,0.01909331303423989
KKFKEYQHI,TAFISS,0.9831039299064597
SLTLKFG,FITNQ,0.40179533827613945
FVKNHQKTKGCLF,PQAKMEHPH,0.8928364533919749
THKNEFPWPHPARTC,GKPVRHKFWPL,0.205806663996015
WSNQMIEEMV,VMMCSKARP,0.7401885652490465
GEIKNFAT,YAEYRNPMRQVG,0.1406495208198204
DILEHFSFGDSQD,CEVDIDHG,0.13568344602644855
VCMRRARMW,NHTFQDQAYS,0.1366300752600681
RSEPHH,YDHPLALGRGRYCMV,0.0373582544290062
RHLCYNIKFKGGR,WVCSGRT,0.9912138009035297
FALIIMDFYIFIN,HFGVLIKVEHSIAF,0.23210718385175577
HDPCNFWNCKTMTSC,DIRHD,0.9773150428168937
GHHEHNKAQSSM,TWAWMAWCFIFT,0.1304917051210196
YFLLNRRWKC,ARVCPGAMDV,0.6648392317898628
SEREKYA,ADETFAIAGEFWSN,0.04719154069154141
LPMDVKADYRV,IVNTYAPMAVLWWW,0.37778072163342047
MPIQDMFPR,HTYNDHRYGGHMDAN,0.6550150441194422
PLFHRYWERLHEL,NHIFVTSIKVNQD,0.09560579032361716
HEQMH,PCQIFTDKDMAA,0.6632548849222079
PNCPV,VEKWAESCMAIE,0.6139492225461329
PWGTVNHPKG,CFRYK,0.04635707922530452
PFNDFENDMPINV,HCMNIE,0.07552564974033671
GTVQLESYCTDEVH,CFHKGRYRI,0.7581646755913983
