Receptor_name,Receptor_seq,Peptide_name,Peptide_seq,TF(T=1),IC50,pep_or_not,Pic,Points,Reference,1st Author,Cor Author,Rank,total rank,Unnamed: 14,embed_done,embed_path
P14291,MEGLKKKIFGVCLKNDLAQTRNETKGIHYGLMTLETSKQLQEFLHLLVIKREVIQNFELLFHIINVAVKITDSNLPSDDIWHFILKLRFSSEINIDEDSKVLNYLLETGIAMENPVSWKCLAVISSILSSVPQSKKIITNLIETEHAKKIGQLFDNIQDLQQGNFLVEILSNCFKKSASNSKKVEKIPQLWQSRSKNKFFFENEFYPFSSKNGSLQTCQFLCNNFMSTLSFTGILRQVSYSGSETLKNLRIFKKKDDENSYFIQCIYNKIYLWLDEKAPLEFERKKIRITKNLKNKIQIKLRQPFHECVRTTADKTALLFNKTKGFQLEFEDEKLGETFFHNVNNIPKISEVQNFLVLDYIEEEPENEGEEEEQIGRADEQKEDEEEESLDELSTPMVYPIKSSIPHNHNEKVQLVTPDRSVSIRSDEWDLKSNTEDEEGNVLADLKISSTKETKRQTDYVHIDSEDQSPVVSAQMRKMRRESTKTLEILRQEFKDKDVQNKEDQSEQIQNPFVNTSSLVVGKSCLVNPKEKPNIDQTVVGITELKSNSSIKKRDINILDTIFGQPPSKKQKQFHKKEKKKQQKKLTNFKPIIDVPSQDKRNLRSNAPTKPKSIKVSKLRTDKKVTGEKSSPETAAEKVDDQTVRSNDEQAMSRATKEKCFPDVNEGKEITKDDAKVSLESKKNNETFVDSSVVEKHTPPDKDCNNCNITDILESTTVIDLQSPHGLSAPGQNTFTNKLQEQIYSSINHFSNELVRKISIINQELNKKILKELSEKYQKLFSELQDNFQNDTNEMLKFMGEIKDMMNLPEDQLVHAIRTRKFDNNKR,Q04089,MGGQESISNNNSDSFIMSSPNLDSQESSISPIDEKKGTDMQTKSLSSYSKGTLLSKQVQNLLEEANKYDPIYGSSLPRGFLRDRNTKGKDNGLVPLVEKVIPPIHKKTNNRNTRKKSSTTTKKDVKKPKAAKVKGKNGRTNHKHTPISKQEIDTAREKKPLKKGRANKKNDRDSPSSTFVDWNGPCLRLQYPLFDIEYLRSHEIYSGTPIQSISLRTNSPQPTSLTSDNDTSSVTTAKLQSILFSNYMEEYKVDFKRSTAIYNPMSEIGKLIEYSCLVFLPSPYAEQLKETILPDLNASFDNSDTKGFVNAINLYNKMIREIPRQRIIDHLETIDKIPRSFIHDFLHIVYTRSIHPQANKLKHYKAFSNYVYGELLPNFLSDVYQQCQLKKGDTFMDLGSGVGNCVVQAALECGCALSFGCEIMDDASDLTILQYEELKKRCKLYGMRLNNVEFSLKKSFVDNNRVAELIPQCDVILVNNFLFDEDLNKKVEKILQTAKVGCKIISLKSLRSLTYQINFYNVENIFNRLKVQRYDLKEDSVSWTHSGGEYYISTVMEDVDESLFSPAARGRRNRGTPVKYTR,1,,pep,,Guo2008,xCAPT/Golden_standard/Guo2008,,,,,,False,
P32525,MIDINVNNIFFRSYSVDPNSGHAIYVFDSTYLPASDEIGDKQVYDLLINALMDRLVMKLPQAPYSLVIFSSGFSQRKISWVYGIKMFAKLPKETKFYLQKIFIVHESFFVRSVYQVISNAMNFNFLDSKDSQHDFPSLVHVLDLTSLSELIDITRLRISLNVYLYDYQIREHINVPEEYYNRLTPLAIRQYRQLVFDKIFKKLQNDALLCELIFQKPGNYKKVNIFLDIIKRNNYIDLSQWDIYSLASVWLNYFIKNKAKPLIPIELIPLPIVDDLKFTSETFRKIIKFNQYQDLFMVIIPFFNRIIAHGESTKHDSRTLSKALTPALCKEKLSMMTNDRLAIGSRYIKNLLDFFPEIAKEISSPPSSVSSSSTIPVLPKPRKSSPTRYSELGCLTLPRSRSPSPQRSVTSPTYTPVALQNTPVLKPKSSSRNVSSPSFNAKPPLPIKAVTRPQLSLTSNSNTDLALASSSTDTLSSPTKTPSADSLPLSNSSTDLTISDNIKEMVKDEPAKDKNSVETDIFVQQFESLTLVQNAKIKKFDKELQEKKKKNETTSKTADKFSQKGYSDIKASNKVSRLAALYEERLQGLQVMNEMKQRW,P38555,MSSEDYGYDYDLLFKIVLIGDSGVGKSNLLSRFTKNEFNMDSKSTIGVEFATRTLEIDGKRIKAQIWDTAGQERYRAITSAYYRGAVGALIVYDISKSSSYENCNHWLSELRENADDNVAVGLIGNKSDLAHLRAVPTEESKTFAQENQLLFTETSALNSENVDKAFEELINTIYQKVSKHQMDLGDSSANGNANGASAPNGPTISLTPTPNENKKANGNNCC,1,,pep,,Guo2008,xCAPT/Golden_standard/Guo2008,,,,,,False,
P30624,MVAQYTVPVGKAANEHETAPRRNYQCREKPLVRPPNTKCSTVYEFVLECFQKNKNSNAMGWRDVKEIHEESKSVMKKVDGKETSVEKKWMYYELSHYHYNSFDQLTDIMHEIGRGLVKIGLKPNDDDKLHLYAATSHKWMKMFLGAQSQGIPVVTAYDTLGEKGLIHSLVQTGSKAIFTDNSLLPSLIKPVQAAQDVKYIIHFDSISSEDRRQSGKIYQSAHDAINRIKEVRPDIKTFSFDDILKLGKESCNEIDVHPPGKDDLCCIMYTSGSTGEPKGVVLKHSNVVAGVGGASLNVLKFVGNTDRVICFLPLAHIFELVFELLSFYWGACIGYATVKTLTSSSVRNCQGDLQEFKPTIMVGVAAVWETVRKGILNQIDNLPFLTKKIFWTAYNTKLNMQRLHIPGGGALGNLVFKKIRTATGGQLRYLLNGGSPISRDAQEFITNLICPMLIGYGLTETCASTTILDPANFELGVAGDLTGCVTVKLVDVEELGYFAKNNQGEVWITGANVTPEYYKNEEETSQALTSDGWFKTGDIGEWEANGHLKIIDRKKNLVKTMNGEYIALEKLESVYRSNEYVANICVYADQSKTKPVGIIVPNHAPLTKLAKKLGIMEQKDSSINIENYLEDAKLIKAVYSDLLKTGKDQGLVGIELLAGIVFFDGEWTPQNGFVTSAQKLKRKDILNAVKDKVDAVYSSS,P40988,MGKIAEFLGNPGARPDVHHRAPTVDCKQYEEFGDSNDYKNDDVVRVVSHSDESTDDELCNVNLTETGAIFTSKGFTGLSKGFTDKTLDFLVRVAGSQAVFFIVWIILIIWVVIGIVYNAPFNWQVVMQDGQSIQSYVWDTLLMRQQLMSTHEQILICGRLKSRLASFKNYLTRSTPEEEKADCTVEANEVSSVENHIDPSAINGELPVENWYDRLSNVASRYMGSIAAMVIFWIGIFVWIGCGAIPKDAGNTPPYTGETTGSNPRLKKFSDAWQMYINTAVAISLLICTTFLQNIRARHDYFTGRFLVDIFDMDEKIDYRIRKHFNDFETPHPVVTIESKKRSTGRKMIDWYADIIGTGIGVLIGVAVFATWIGIGSPMKWDDNWWLIIGTYTGLIGFLDGFVLREVYFRIVQHEEKNYSDVAKEDLELFQELGIECPEELSGKAPEINIIGYRTSQYINRICSTPWSVLVSVIIIIGLICIASGLRWSTTGQLIANTPTMIIEEFFLLVLLQAHNWADRQRRVEVTALYARRRILLSYVEKRFPEVMMLEK,1,,pep,,Guo2008,xCAPT/Golden_standard/Guo2008,,,,,,False,
P38776,MVAEFQIASAQSSALTSTEEEHCSINSDKAAKLDLELTSERKNDGKQSHEVTFNEDIADPEDIARHMSTARRYYISSLITFTSMVITMISSSWTLPSTHIIEHFHISHEVSTLGITLYVFGLGIGPLFLSPLSELYGRRITFLYALTLSIIWQCLTIWSKTITGVMFGRFLSGFFGSAFLSVAGGAIADIFDKDQIGIPMAIYTTSAFLGPSLGPIIGGALYHQSYKWTFITLLITSGCCLVMIIFTIPETYKPMLLIRKAKRLRKEKNDQRYYAVLEVTREQTSLLSAIFLSTKRPFGLLLRDRMMGVLCFYTGLELAIIYLYFVAFPYVFKKLYNFGPMEIACSYIGIMVGMILSAPTCLLFQKTFEWRVKRNNGVKTPEMRFEPLFYGAFLTPVGLFIFAFTCYKHVHWIAPIIGSAIFGSGVYFVFTGVFAYTVDAYRRYAASGMACNTFVRCIMAGVFPLFGLQMYKSMGVNWAGFLLAMVTVAMIPVPFLFTKYGARLRAKSPYAWDD,Q06200,MVMSRIRDTIARPFQNLTALEKVVQWLRLGTTLLIISFGLALTVGPLSSPRTLYMSRLDTYSADITTGLFTVLRESMEQSTSTEENNGVGLTTSELYILTAYTESQIKNVPQYITVSLYGRCDSTYTMVEVFDSEGNMHSVKNSTTKSTCSSIGTDYLFDYREVLESLGLDIILDYAYNKIGSQQAESSAYTTYMRSLKHKKANVLHLLYAVISFQVCMLFFMIWYYYIKGRFMNALKERALVHINSLLSLVVFIGGLISSISLAWVNYTIQSRINTELEAFGFSYHLGVTWFALLWCFAGLISVSCLAWSGLEWCISDNGTSYGGGIDDKFLGYQAGVFTDADLDDETSYSQRYPQRQSTSGEAELMRNSDTMATIRKTSDVDLNSENDANTSLDHGNPTANISNGGKHEPFATREEFELQDIRFRSSNDSEESMQRVIKPSSALQF,1,,pep,,Guo2008,xCAPT/Golden_standard/Guo2008,,,,,,False,
P47122,MSLSTIICIGMAGSGKTTFMQRLNSHLRAEKTPPYVINLDPAVLRVPYGANIDIRDSIKYKKVMENYQLGPNGAIVTSLNLFSTKIDQVIRLVEQKKDKFQNCIIDTPGQIECFVWSASGAIITESFASSFPTVIAYIVDTPRNSSPTTFMSNMLYACSILYKTKLPMIVVFNKTDVCKADFAKEWMTDFESFQAAIKEDQDLNGDNGLGSGYMSSLVNSMSLMLEEFYSQLDVVGVSSFTGDGFDEFMQCVDKKVDEYDQYYKQEREKALNLKKKKEEMRKQKSLNGLMKDLGLNEKSSAAASDNDSIDAISDLEEDANDGLVDRDEDEGVEREYTFPGEERTKGEVNENSAPDLQRRYQEAMQQVGKTASSETAENIAKYIRN,Q06411,MEDSDSNTDKKFFFKKRRIDSYNYSDEEDNNSSMNSDMTYTNDALKTSSGNAPTISKLTKTYGIGAKLLSSMGYVAGKGLGKDGSGITTPIETQSRPMHNAGLGMFSNTNSSNYHSENEDYLSSEDEVVEGIEQVKFNKTSTEVLGEALLNDSGDMTIVRTLRELRLAGVQLPESILKELDPLNAVPKPKKDVVVEILQELLGIEKSLEAIRQRTSPLEVQVKEYYGQERLLSELEVTLRDESKHVSLYDKIGAILKLSDDELIDRLTSCLLRKELLIEFDLDHLEKPNDILDELTQIIELLAYRMDTTSKFLNRTQTTIFKVIYPKLKKFWEGFDMTKSKIDSAITLLLDFQQVLSFIGCKEHIMEEFVYPKLLQELDNWELHDEVDHVSPRIWVLDFMVLIDDKIKDTIVDKIEAKFFAYCKNWYHRESFCITNSDIIFIKELICERRYYKILCKEFLPKFLDELWERHNDPIYELEDWKEKQEWKEKDSGFFYFMKKLRSYTHYFHPKQYELMMRGTFNNINKILYQWHLYSTVEDLHKSKWWLNWLMNTVFEHSLPTEIELSEIRKSYNIFAMSHRYHLDKSTLDEDFDLRQGLRNLMETQVIDDISQSEQEPTYTVQNIPLGKVSSSFKDVVEDYCLEKGYLISKIPNRYTQLPYGRDQDCIVPLFEIRNGKKKMEVALKHDILWVEDSSGTFKPIYLWALDL,1,,pep,,Guo2008,xCAPT/Golden_standard/Guo2008,,,,,,False,
P15436,MSEKRSLPMVDVKIDDEDTPQLEKKIKRQSIDHGVGSEPVSTIEIIPSDSFRKYNSQGFKAKDTDLMGTQLESTFEQDVSQMEHDMADQEEHDLSSFERKKLPTDFDPSLYDISFQQIDAEQSVLNGIKDENTSTVVRFFGVTSEGHSVLCNVTGFKNYLYVPAPNSSDANDQEQINKFVHYLNETFDHAIDSIEVVSKQSIWGYSGDTKLPFWKIYVTYPHMVNKLRTAFERGHLSFNSWFSNGTTTYDNIAYTLRLMVDCGIVGMSWITLPKGKYSMIEPNNRVSSCQLEVSINYRNLIAHPAEGDWSHTAPLRIMSFDIECAGRIGVFPEPEYDPVIQIANVVSIAGAKKPFIRNVFTLNTCSPITGSMIFSHATEEEMLSNWRNFIIKVDPDVIIGYNTTNFDIPYLLNRAKALKVNDFPYFGRLKTVKQEIKESVFSSKAYGTRETKNVNIDGRLQLDLLQFIQREYKLRSYTLNAVSAHFLGEQKEDVHYSIISDLQNGDSETRRRLAVYCLKDAYLPLRLMEKLMALVNYTEMARVTGVPFSYLLARGQQIKVVSQLFRKCLEIDTVIPNMQSQASDDQYEGATVIEPIRGYYDVPIATLDFNSLYPSIMMAHNLCYTTLCNKATVERLNLKIDEDYVITPNGDYFVTTKRRRGILPIILDELISARKRAKKDLRDEKDPFKRDVLNGRQLALKISANSVYGFTGATVGKLPCLAISSSVTAYGRTMILKTKTAVQEKYCIKNGYKHDAVVVYGDTDSVMVKFGTTDLKEAMDLGTEAAKYVSTLFKHPINLEFEKAYFPYLLINKKRYAGLFWTNPDKFDKLDQKGLASVRRDSCSLVSIVMNKVLKKILIERNVDGALAFVRETINDILHNRVDISKLIISKTLAPNYTNPQPHAVLAERMKRREGVGPNVGDRVDYVIIGGNDKLYNRAEDPLFVLENNIQVDSRYYLTNQLQNPIISIVAPIIGDKQANGMFVVKSIKINTGSQKGGLMSFIKKVEACKSCKGPLRKGEGPLCSNCLARSGELYIKALYDVRDLEEKYSRLWTQCQRCAGNLHSEVLCSNKNCDIFYMRVKVKKELQEKVEQLSKW,P25558,MEKDLSSLYSEKKDKENDETLFNIKLSKSVVETTPLNGHSLFDDDKSLSDWTDNVFTQSVFYHGSDDLIWGKFFVCVYKSPNSNKLNAIIFDKLGTSCFESVDISSNSQYYPAIENLSPSDQESNVKKCIAVILLQRYPLLSPSDLSQILSNKSENCDYDPPYAGDLASSCQLITAVPPEDLGKRFFTSGLLQNRFVSSTLLDVIYENNESTIELNNRLVFHLGEQLEQLFNPVTEYSPEQTEYGYKAPEDELPTESDDDLVKAICNELLQLQTNFTFNLVEFLQKFLIALRVRVLNEEINGLSTTKLNRLFPPTIDEVTRINCIFLDSLKTAIPYGSLEVLKACSITIPYFYKAYTRHEAATKNFSKDIKLFIRHFSNVIPEREVYTEMKIESIIKGPQEKLLKLKLIIERLWKSKKWRPKNQEMAKKCYNNIIDVIDSFGKLDSPLHSYSTRVFTPSGKILTELAKCWPVELQYKWLKRRVVGVYDVVDLNDENKRNLLVIFSDYVVFINILEAESYYTSDGSNRPLISDILMNSLINEVPLPSKIPKLKVERHCYIDEVLVSILDKSTLRFDRLKGKDSFSMVCKLSSAFISSSSVADLITKARILEKDTAFHLFKASRSHFTLYSTAHELCAYDSEKIKSKFALFLNIPPSKEILEVNNLHLAFFARFCSNDGRDNIVILDVLTKHDDKHIEVTSDNIVFTIINQLAIEIPICFSSLNSSMAKDLLCVNENLIKNLEHQLEEVKHPSTDEHRAVNSKLSGASDFDATHEKKRSYGTITTFRSYTSDLKDSPSGDNSNVTKETKEILPVKPTKKSSKKPREIQKKTKTNASKAEHIEKKKPNKGKGFFGVLKNVFGSKSKSKPSPVQRVPKKISQRHPKSPVKKPMTSEKKSSPKRAVVSSPKIKKKSTSFSTKESQTAKSSLRAVEFKSDDLIGKPPDVGNGAHPQENTRISSVVRDTKYVSYNPSQPVTENTSNEKNVEPKADQSTKQDNISNFADVEVSASSYPEKLDAETDDQIIGKATNSSSVHGNKELPDLAEVTTANRVSTTSAGDQRIDTQSEFLRAADVENLSDDDEHRQNESRVFNDDLFGDFIPKHYRNKQENINSSSNLFPEGKVPQEKGVSNENTNISLKTNEDASTLTQKLSPQASKVLTENSNELKDTNNEGKDAKDIKLGDDYSDKETAKEITKPKNFVEGITERKEIFPTIPRLAPPASKINFQRSPSYIELFQGMRVVLDKHDAHYNWKRLASQVSLSEGLKVNTEEDAAIINKSQDDAKAERMTQISEVIEYEMQQPIPTYLPKAHLDDSGIEKSDDKFFEIEEELKEELKGSKTGNEDVGNNNPSNSIPKIEKPPAFKVIRTSPVRIIGRTFEDTRKYENGSPSDISFTYDTHNNDEPDKRLMELKFPSQDEIPDDRFYTPAEEPTAEFPVEELPNTPRSINVTTSNNKSTDDKLSSGNIDQKPTELLDDLEFSSFNIAFGNTSMSTDNMKISSDLSSNKTVLGNAQKVQESPSGPLIYVLPQSSTKHEKEGFLRKKQKDEPIWVSPSKIDFADLSRRTKALTPERNTVPLKNNDSRKYKYTGEGSIGNMTNMLLTKDASYAYLKDFVALSDDEDEDGKQNCAVGGPEKLKFY,1,,pep,,Guo2008,xCAPT/Golden_standard/Guo2008,,,,,,False,
P28708,MDEYSSIYSQPKTPRLKQEGFPDSIGDQHEKALIDENGEEDKKMASTEGTTGDSRSTPLTVSIPTFENVQALPTPMTYTPLSPGNLSMSPIDQSSLNIPKRRSHARLLDDMLSVTQPNQRVVSELIAPANLSPQRVVSLPTVTEEALVNDSVDSDNYTKEPYFPESSSSTEKCDDDIFQGFLLDHWDRPLLWKKVRPIGSGNFSTVLLYELMDQSNPKLKQVAVKRLKYPEELSNVEQINTSLRYKETLSRLENSLTRELQVLKSLNHPCIVKLLGINNPIFVTSKKPLCDLIIKTPRALPPCDMIMSYCPAGDLLAAVMARNGRLEAWLIQRIFTEVVLAVKYLHENSIIHRDLKLENILLKYSFDDINSFRDSPIYCKQNFIELADFGLCKKIENNEMCTARCGSEDYVSPEILMGVPYDGHLSDTWALGVILYSLFEDRLPFDPPPNASARQRSRATSHRIARFDWRWYRLSDYKTNVGKQIVENTLTRKNQRWSINEIYESPFVKTIADTLSFS,P47017,MSANSKDRNQSNQDAKRQQQNFPKKISEGEADLYLDQYNFTTTAAIVSSVDRKIFVLLRDGRMLFGVLRTFDQYANLILQDCVERIYFSEENKYAEEDRGIFMIRGENVVMLGEVDIDKEDQPLEAMERIPFKEAWLTKQKNDEKRFKEETHKGKKMARHGIVYDFHKSDMY,1,,pep,,Guo2008,xCAPT/Golden_standard/Guo2008,,,,,,False,
P15646,MSFRPGSRGGSRGGSRGGFGGRGGSRGGARGGSRGGFGGRGGSRGGARGGSRGGFGGRGGSRGGARGGSRGGRGGAAGGARGGAKVVIEPHRHAGVYIARGKEDLLVTKNMAPGESVYGEKRISVEEPSKEDGVPPTKVEYRVWNPFRSKLAAGIMGGLDELFIAPGKKVLYLGAASGTSVSHVSDVVGPEGVVYAVEFSHRPGRELISMAKKRPNIIPIIEDARHPQKYRMLIGMVDCVFADVAQPDQARIIALNSHMFLKDQGGVVISIKANCIDSTVDAETVFAREVQKLREERIKPLEQLTLEPYERDHCIVVGRYMRSGLKK,Q08492,MSNGHVKFDADESQASASAVTDRQDDVLVISKKDKEVHSSSDEESDDDDAPQEEGLHSGKSEVESQITQREEAIRLEQSQLRSKRRKQNELYAKQKKSVNETEVTDEVIAELPEELLKNIDQKDEGSTQYSSSRHVTFDKLDESDENEEALAKAIKTKKRKTLKNLRKDSVKRGKFRVQLLSTTQDSKTLPPKKESSIIRSKDRWLNRKALNKG,1,,pep,,Guo2008,xCAPT/Golden_standard/Guo2008,,,,,,False,
P36036,MDKAFDEIIGNSHTDSSSNHKVTRYRRRDLRNELGPRLGFAPSDAASRSKDRLYREREEPPLPKRIRISKIPLDVSDYTLDDMIKEFGSPIFSKIFDNKEDRTCIYEFEDPEVLEKIVERYNGHELHNAKIEVEIYQPQRKHSRMNAHNRRKQTAQEHGRGRPGSHYRQKPNRVSKKNKGREKNNTPTSVEALDAELDAYMKG,P39534,MYKVSACGVRIMSGISEIWIGELRDYKYALRLDREEYPAVLVYEYDSSSTRNYLFTIKYSDQRPNWQLITRDAALTAYDLLNRGGEFTTLSFPGATIHRSVSELSRLH,1,,pep,,Guo2008,xCAPT/Golden_standard/Guo2008,,,,,,False,
P38789,MAKRRQKKRTHAQLTPEQEQGIPKSMVIRVGQTSLANHSLNQLVKDFRQIMQPHTAIKLKERKSNKLKDFVVMCGPLGVTHLFMFTQSEKTGNVSLKIARTPQGPTVTFQVLDYSLGRDIKKFLKRPKSLNNDDVLNPPLLVLNGFSTSKRSGEDDQDVNVEKVIVSMFQNIFPPLNPARTSLNSIKRVFMINKDRETGEISMRHYFIDIREVEISRNLKRLYKAKNNLSKTVPNLHRKEDISSLILDHDLGAYTSESEIEDDAIVRVVDNQDVKAKHSQSLKSQRTPVEKKDNKEREKETEEEDVEMEEPKPSENLQPTPRKKAIKLTELGPRLTLKLVKIEEGICSGKVLHHEFVQKSSEEIKALEKRHAAKMRLKEQRKKEQEENIAKKKAVKDAKKQRKLERRKARAAEGGEGQGKDDAMSDDESSSSDSEHYGSVPEDLDSDLFSEVE,P53924,MYTPIPANTPAPTAPTSSMTSNSSSASNANTTSSSGINPRNRASGTPSNERARPASGISSFLNTFGIRQNSQTASSSAAPDQRLFGTTPSNSHMSVAMESIDTAPQQQEPRLHHPIQMPLSAQFHVHRNYQLPISISLTAPTTTDHQQSSAHNFEGNNVGNVQESLNQRQPNGTNNTTTSIISMAPAATTRNIVGGADGSTIVNNSQEMYKNLRHLIYAANQPNGTEILHLDLPATSAEESNNMFNVDEVTLKQRKDKHGLFSIRLTPFIDSSSTTNQGLFFEPIIRKAGPGSQLVIGRYTERVRDAISKIPEQYHPVVFKSKVVSRTHGCFKVDSQGNWYIKDVKSSSGTFLNHQRLSPASSLSKDTPLRDGDILQLGMDFRGGTEEIYRCVRMRIELNRSWKLKANSFNKEALQRLQNLQKLTTGIEEEDCSICLCKIKPCQAIFISPCAHSWHFRCVRRLVMLSYPQFVCPNCRSSCDLEASFESSDEEDESDVESEGDQLVDQLSVLMETSKDVDSHP,1,,pep,,Guo2008,xCAPT/Golden_standard/Guo2008,,,,,,False,
P35169,MEPHEEQIWKSKLLKAANNDMDMDRNVPLAPNLNVNMNMKMNASRNGDEFGLTSSRFDGVVIGSNGDVNFKPILEKIFRELTSDYKEERKLASISLFDLLVSLEHELSIEEFQAVSNDINNKILELVHTKKTSTRVGAVLSIDTLISFYAYTERLPNETSRLAGYLRGLIPSNDVEVMRLAAKTLGKLAVPGGTYTSDFVEFEIKSCLEWLTASTEKNSFSSSKPDHAKHAALLIITALAENCPYLLYQYLNSILDNIWRALRDPHLVIRIDASITLAKCLSTLRNRDPQLTSQWVQRLATSCEYGFQVNTLECIHASLLVYKEILFLKDPFLNQVFDQMCLNCIAYENHKAKMIREKIYQIVPLLASFNPQLFAGKYLHQIMDNYLEILTNAPANKIPHLKDDKPQILISIGDIAYEVGPDIAPYVKQILDYIEHDLQTKFKFRKKFENEIFYCIGRLAVPLGPVLGKLLNRNILDLMFKCPLSDYMQETFQILTERIPSLGPKINDELLNLVCSTLSGTPFIQPGSPMEIPSFSRERAREWRNKNILQKTGESNDDNNDIKIIIQAFRMLKNIKSRFSLVEFVRIVALSYIEHTDPRVRKLAALTSCEIYVKDNICKQTSLHSLNTVSEVLSKLLAITIADPLQDIRLEVLKNLNPCFDPQLAQPDNLRLLFTALHDESFNIQSVAMELVGRLSSVNPAYVIPSIRKILLELLTKLKFSTSSREKEETASLLCTLIRSSKDVAKPYIEPLLNVLLPKFQDTSSTVASTALRTIGELSVVGGEDMKIYLKDLFPLIIKTFQDQSNSFKREAALKALGQLAASSGYVIDPLLDYPELLGILVNILKTENSQNIRRQTVTLIGILGAIDPYRQKEREVTSTTDISTEQNAPPIDIALLMQGMSPSNDEYYTTVVIHCLLKILKDPSLSSYHTAVIQAIMHIFQTLGLKCVSFLDQIIPTILDVMRTCSQSLLEFYFQQLCSLIIIVRQHIRPHVDSIFQAIKDFSSVAKLQITLVSVIEAISKALEGEFKRLVPLTLTLFLVILENDKSSDKVLSRRVLRLLESFGPNLEGYSHLITPKIVQMAEFTSGNLQRSAIITIGKLAKDVDLFEMSSRIVHSLLRVLSSTTSDELSKVIMNTLSLLLIQMGTSFAIFIPVINEVLMKKHIQHTIYDDLTNRILNNDVLPTKILEANTTDYKPAEQMEAADAGVAKLPINQSVLKSAWNSSQQRTKEDWQEWSKRLSIQLLKESPSHALRACSNLASMYYPLAKELFNTAFACVWTELYSQYQEDLIGSLCIALSSPLNPPEIHQTLLNLVEFMEHDDKALPIPTQSLGEYAERCHAYAKALHYKEIKFIKEPENSTIESLISINNQLNQTDAAIGILKHAQQHHSLQLKETWFEKLERWEDALHAYNEREKAGDTSVSVTLGKMRSLHALGEWEQLSQLAARKWKVSKLQTKKLIAPLAAGAAWGLGEWDMLEQYISVMKPKSPDKEFFDAILYLHKNDYDNASKHILNARDLLVTEISALINESYNRAYSVIVRTQIITEFEEIIKYKQLPPNSEKKLHYQNLWTKRLLGCQKNVDLWQRVLRVRSLVIKPKQDLQIWIKFANLCRKSGRMRLANKALNMLLEGGNDPSLPNTFKAPPPVVYAQLKYIWATGAYKEALNHLIGFTSRLAHDLGLDPNNMIAQSVKLSSASTAPYVEEYTKLLARCFLKQGEWRIATQPNWRNTNPDAILGSYLLATHFDKNWYKAWHNWALANFEVISMVQEETKLNGGKNDDDDDTAVNNDNVRIDGSILGSGSLTINGNRYPLELIQRHVVPAIKGFFHSISLLETSCLQDTLRLLTLLFNFGGIKEVSQAMYEGFNLMKIENWLEVLPQLISRIHQPDPTVSNSLLSLLSDLGKAHPQALVYPLTVAIKSESVSRQKAALSIIEKIRIHSPVLVNQAELVSHELIRVAVLWHELWYEGLEDASRQFFVEHNIEKMFSTLEPLHKHLGNEPQTLSEVSFQKSFGRDLNDAYEWLNNYKKSKDINNLNQAWDIYYNVFRKITRQIPQLQTLDLQHVSPQLLATHDLELAVPGTYFPGKPTIRIAKFEPLFSVISSKQRPRKFSIKGSDGKDYKYVLKGHEDIRQDSLVMQLFGLVNTLLKNDSECFKRHLDIQQYPAIPLSPKSGLLGWVPNSDTFHVLIREHRDAKKIPLNIEHWVMLQMAPDYENLTLLQKIEVFTYALDNTKGQDLYKILWLKSRSSETWLERRTTYTRSLAVMSMTGYILGLGDRHPSNLMLDRITGKVIHIDFGDCFEAAILREKYPEKVPFRLTRMLTYAMEVSGIEGSFRITCENVMRVLRDNKESLMAILEAFALDPLIHWGFDLPPQKLTEQTGIPLPLINPSELLRKGAITVEEAANMEAEQQNETKNARAMLVLRRITDKLTGNDIKRFNELDVPEQVDKLIQQATSIERLCQHYIGWCPFW,P38690,MTKAYTIVIKLGSSSLVDESTKEPKLSIMTLIVETVTNLKRMGHKVIIVSSGGIAVGLDALNIPHKPKQLSEVQAIAAVGQGRLIARWNMLFSQYGEQTAQILLTRNDILRWNQYNNARNTINELLAMGVIPIVNENDTLSISEIEFGDNDTLSAITAALVGADFLFLLTDVDCLYTDNPRTNPDARPIVLVPELSEGLPGVNTSSGSGSEVGTGGMRTKLIAADLASNAGIETIVMKSDRPEYVPKIVDYIQHHFRPPRHIGNGTQQQFLDLQDTELEQLRRYDVPMHTKFLANDNKHKLKNREFWILHGLITKGAIIIDENSYDKLLSKDMASLTPNAVIEVRDNFHELECVDLKIGQRLPNGELDISKPIQSVGCVRSNYTSLELAKIKGLPSEKIHDVLGYSVSEYVAHRENIAFPPQF,1,,pep,,Guo2008,xCAPT/Golden_standard/Guo2008,,,,,,False,
P25584,MVSKKNTAEISAKDIWENIWSGVSSLLDFFAVLENLGVVNDKLYVSGLLRKVWLCYSCISVIKCVWKLIKLCKVKFKIDQRLDGEGNGLVKDKLINFKKKYNEHIRHITAALLQDLSYLMVLIYPGTRLFKRLSNIITLCRIIV,P33891,MNGIDDLLNINDRIKQVQNERNELASKLQNLKQSLASNDTEVALSEVIAQDIIEVGASVEGLEQLRAKYGDLQILNKLEKVAVQQTQMQAGVDKLDSFERQLDELAEQPPDQFTLDDVKALHSKLTSVFATVPQINNIDSQYAAYNKLKSKVTGKYNDVIIQRLATNWSNTFDQKLLEAQWDTQKFASTSVGLVKCLRENSTKLYQLSLLYLPLEEETQNGDSERPLSRSNNNQEPVLWNFKSLANNFNVRFTYHFHATSSSSKIETYFQFLNDYLAENLYKCINIFHDDCNGLTKPVIHEQFINYVLQPIRDKVRSTLFQNDLKTLIVLISQILATDKNLLNSFHYHGLGLVSLISDEVWEKWINYEVEMANRQFINITKNPEDFPKSSQNFVKLINKIYDYLEPFYDLDFDLLVRYKLMTCSLIFMNLTSSYLDYILTVDSLNETRTKEQELYQTMAKLQHVNFVYRKIKSLSSNFIFIQLTDIVNSTESKKYNSLFQNVENDYEKAMSTDMQNSIVHRIQKLLKETLRNYFKISTWSTLEMSVDENIGPSSVPSAELVNSINVLRRLINKLDSMDIPLAISLKVKNELLNVIVNYFTESILKLNKFNQNGLNQFLHDFKSLSSILSLPSHATNYKCMSLHELVKILKLKYDPNNQQFLNPEYIKTGNFTSLKEAYSIKYLKDTKIQDALYRIIYGNIL,1,,pep,,Guo2008,xCAPT/Golden_standard/Guo2008,,,,,,False,
P38798,MDDGRKKELHDLNTRAWNGEEVFPLKSKKLDSSIKRNTGFIKKLKKGFVKGSESSLLKDLSEASLEKYLSEIIVTVTECLLNVLNKNDDVIAAVEIISGLHQRFNGRFTSPLLGAFLQAFENPSVDIESERDELQRITRVKGNLRVFTELYLVGVFRTLDDIESKDAIPNFLQKKTGRKDPLLFSILREILNYKFKLGFTTTIATAFIKKFAPLFRDDDNSWDDLIYDSKLKGALQSLFKNFIDATFARATELHKKVNKLQREHQKCQIRTGKLRDEYVEEYDKLLPIFIRFKTSAITLGEFFKLEIPELEGASNDDLKETASPMITNQILPPNQRLWENEDTRKFYEILPDISKTVEESQSSKTEKDSNVNSKNINLFFTDLEMADCKDIIDDLSNRYWSSYLDNKATRNRILKFFMETQDWSKLPVYSRFIATNSKYMPEIVSEFINYLDNGFRSQLHSNKINVKNIIFFSEMIKFQLIPSFMIFHKIRTLIMYMQVPNNVEILTVLLEHSGKFLLNKPEYKELMEKMVQLIKDKKNDRQLNMNMKSALENIITLLYPPSVKSLNVTVKTITPEQQFYRILIRSELSSLDFKHIVKLVRKAHWDDVAIQKVLFSLFSKPHKISYQNIPLLTKVLGGLYSYRRDFVIRCIDQVLENIERGLEINDYGQNMHRISNVRYLTEIFNFEMIKSDVLLDTIYHIIRFGHINNQPNPFYLNYSDPPDNYFRIQLVTTILLNINRTPAAFTKKCKLLLRFFEYYTFIKEQPLPKETEFRVSSTFKKYENIFGNTKFERSENLVESASRLESLLKSLNAIKSKDDRVKGSSASIHNGKESAVPIESITEDDEDEDDENDDGVDLLGEDEDAEISTPNTESAPGKHQAKQDESEDEDDEDDDEDDDDDDDDDDDDGEEGDEDDDEDDDDEDDDDEEEEDSDSDLEYGGDLDADRDIEMKRMYEEYERKLKDEEERKAEEELERQFQKMMQESIDARKSEKVVASKIPVISKPVSVQKPLLLKKSEEPSSSKETYEELSKPKKIAFTFLTKSGKKTQSRILQLPTDVKFVSDVLEEEEKLKTERNKIKKIVLKRSFD,P53199,MSKIDSVLIIGGSGFLGLHLIQQFFDINPKPDIHIFDVRDLPEKLSKQFTFNVDDIKFHKGDLTSPDDMENAINESKANVVVHCASPMHGQNPDIYDIVNVKGTRNVIDMCKKCGVNILVYTSSAGVIFNGQDVHNADETWPIPEVPMDAYNETKAIAEDMVLKANDPSSDFYTVALRPAGIFGPGDRQLVPGLRQVAKLGQSKFQIGDNNNLFDWTYAGNVADAHVLAAQKLLDPKTRTAVSGETFFITNDTPTYFWALARTVWKADGHIDKHVIVLKRPVAICAGYLSEWVSKMLGKEPGLTPFRVKIVCAYRYHNIAKAKKLLGYTPRVGIEEGINKTLAWMDEGL,1,,pep,,Guo2008,xCAPT/Golden_standard/Guo2008,,,,,,False,
P39962,MSQRSSQHIVGIHYAVGPKIGEGSFGVIFEGENILHSCQAQTGSKRDSSIIMANEPVAIKFEPRHSDAPQLRDEFRAYRILNGCVGIPHAYYFGQEGMHNILIIDLLGPSLEDLFEWCGRKFSVKTTCMVAKQMIDRVRAIHDHDLIYRDIKPDNFLISQYQRISPEGKVIKSCASSSNNDPNLIYMVDFGMAKQYRDPRTKQHIPYRERKSLSGTARYMSINTHFGREQSRRDDLESLGHVFFYFLRGSLPWQGLKAPNNKLKYEKIGMTKQKLNPDDLLLNNAIPYQFATYLKYARSLKFDEDPDYDYLISLMDDALRLNDLKDDGHYDWMDLNGGKGWNIKINRRANLHGYGNPNPRVNGNTARNNVNTNSKTRNTTPVATPKQQAQNSYNKDNSKSRISSNPQSFTKQQHVLKKIEPNSKYIPETHSNLQRPIKSQSQTYDSISHTQNSPFVPYSSSKANPKRSNNEHNLPNHYTNLANKNINYQSQRNYEQENDAYSDDENDTFCSKIYKYCCCCFCCC,Q07471,MNSSYTQRYALPKCIAISDYLFHRLNQLNIHTIFGLSGEFSMPLLDKLYNIPNLRWAGNSNELNAAYAADGYSRLKGLGCLITTFGVGELSAINGVAGSYAEHVGILHIVGMPPTSAQTKQLLLHHTLGNGDFTVFHRIASDVACYTTLIIDSELCADEVDKCIKKAWIEQRPVYMGMPVNQVNLPIESARLNTPLDLQLHKNDPDVEKEVISRILSFIYKSQNPAIIVDACTSRQNLIEETKELCNRLKFPVFVTPMGKGTVNETDPQFGGVFTGSISAPEVREVVDFADFIIVIGCMLSEFSTSTFHFQYKTKNCALLYSTSVKLKNATYPDLSIKLLLQKILANLDESKLSYQPSEQPSMMVPRPYPAGNVLLRQEWVWNEISHWFQPGDIIITETGASAFGVNQTRFPVNTLGISQALWGSVGYTMGACLGAEFAVQEINKDKFPATKHRVILFMGDGAFQLTVQELSTIVKWGLTPYIFVMNNQGYSVDRFLHHRSDASYYDIQPWNYLGLLRVFGCTNYETKKIITVGEFRSMISDPNFATNDKIRMIEIMLPPRDVPQALLDRWVVEKEQSKQVQEENENSSAVNTPTPEFQPLLKKNQVGY,1,,pep,,Guo2008,xCAPT/Golden_standard/Guo2008,,,,,,False,
P06773,MLIGVSGTKFCGCEDVINMLVDHFHFELLNHLDNPEEILDYATKNYTKNSVIFLEKLSLLEKLEKRPFFVHLSIDAPVTTRVALYRKTTQAESLSLEQIIQAIDQHDFQPEGIKLREKSHLRFKIVNEDRRGRRQSLINNITTQLKILDDKEKQMAPLMRPSWDSYFMKLATLAASRSNCMKRRVGCVIVRECRVIATGYNGTPRHLTNCFNGGCPRCNDGDSRNLHTCLCLHAEENALLEAGRDRVGQNATLYCDTCPCLTCSVKIVQTGISEVVYSQSYRMDEESFKVLKNAGITVRQFSFTEEPRIVMI,P33399,MSEKPQQEEQEKPQSRRNSFAVIEFTPEVLDRCLKQVEFYFSEFNFPYDRFLRTTAEKNDGWVPISTIATFNRMKKYRPVDKVIEALRSSEILEVSADGENVKRRVPLDLTAARNARIEQNQRTLAVMNFPHEDVEASQIPELQENLEAFFKKLGEINQVRLRRDHRNKKFNGTVLVEFKTIPECEAFLKSYSNDDESNEILSYEGKKLSVLTKKQFDLQREASKSKNFSGRSRSFNGHKKKNLPKFPKNKKKNGKEESKEDSSAIADDDEEHKE,1,,pep,,Guo2008,xCAPT/Golden_standard/Guo2008,,,,,,False,
P12688,MYSWKSKFKFGKSKEEKEAKHSGFFHSSKKEEQQNNQATAGEHDASITRSSLDRKGTINPSNSSVVPVRVSYDASSSTSTVRDSNGGNSENTNSSQNLDETANIGSTGTPNDATSSSGMMTIKVYNGDDFILPFPITSSEQILNKLLASGVPPPHKEISKEVDALIAQLSRVQIKNQGPADEDLISSESAAKFIPSTIMLPGSSTLNPLLYFTIEFDNTVATIEAEYGTIAKPGFNKISTFDVTRKLPYLKIDVFARIPSILLPSKTWQQEMGLQDEKLQTIFDKINSNQDIHLDSFHLPINLSFDSAASIRLYNHHWITLDNGLGKINISIDYKPSRNKPLSIDDFDLLKVIGKGSFGKVMQVRKKDTQKVYALKAIRKSYIVSKSEVTHTLAERTVLARVDCPFIVPLKFSFQSPEKLYFVLAFINGGELFYHLQKEGRFDLSRARFYTAELLCALDNLHKLDVVYRDLKPENILLDYQGHIALCDFGLCKLNMKDDDKTDTFCGTPEYLAPELLLGLGYTKAVDWWTLGVLLYEMLTGLPPYYDEDVPKMYKKILQEPLVFPDGFDRDAKDLLIGLLSRDPTRRLGYNGADEIRNHPFFSQLSWKRLLMKGYIPPYKPAVSNSMDTSNFDEEFTREKPIDSVVDEYLSESVQKQFGGWTYVGNEQLGSSMVQGRSIR,P39563,MLIDFCCSYIAGTHGRERAPSFTGTFVSHVSGENNCRPRRSEITQPCASGTEKKHFAATEKPCTNSLEGSRKDFLSLPLGHSYLFLFCFWRMICSEPKL,1,,pep,,Guo2008,xCAPT/Golden_standard/Guo2008,,,,,,False,
P35182,MSNHSEILERPETPYDITYRVGVAENKNSKFRRTMEDVHTYVKNFASRLDWGYFAVFDGHAGIQASKWCGKHLHTIIEQNILADETRDVRDVLNDSFLAIDEEINTKLVGNSGCTAAVCVLRWELPDSVSDDSMDLAQHQRKLYTANVGDSRIVLFRNGNSIRLTYDHKASDTLEMQRVEQAGGLIMKSRVNGMLAVTRSLGDKFFDSLVVGSPFTTSVEITSEDKFLILACDGLWDVIDDQDACELIKDITEPNEAAKVLVRYALENGTTDNVTVMVVFL,P40988,MGKIAEFLGNPGARPDVHHRAPTVDCKQYEEFGDSNDYKNDDVVRVVSHSDESTDDELCNVNLTETGAIFTSKGFTGLSKGFTDKTLDFLVRVAGSQAVFFIVWIILIIWVVIGIVYNAPFNWQVVMQDGQSIQSYVWDTLLMRQQLMSTHEQILICGRLKSRLASFKNYLTRSTPEEEKADCTVEANEVSSVENHIDPSAINGELPVENWYDRLSNVASRYMGSIAAMVIFWIGIFVWIGCGAIPKDAGNTPPYTGETTGSNPRLKKFSDAWQMYINTAVAISLLICTTFLQNIRARHDYFTGRFLVDIFDMDEKIDYRIRKHFNDFETPHPVVTIESKKRSTGRKMIDWYADIIGTGIGVLIGVAVFATWIGIGSPMKWDDNWWLIIGTYTGLIGFLDGFVLREVYFRIVQHEEKNYSDVAKEDLELFQELGIECPEELSGKAPEINIIGYRTSQYINRICSTPWSVLVSVIIIIGLICIASGLRWSTTGQLIANTPTMIIEEFFLLVLLQAHNWADRQRRVEVTALYARRRILLSYVEKRFPEVMMLEK,1,,pep,,Guo2008,xCAPT/Golden_standard/Guo2008,,,,,,False,
P14680,MNSSNNNDSSSSNSNMNNSLSPTLVTHSDASMGSGRASPDNSHMGRGIWNPSYVNQGSQRSPQQQHQNHHQQQQQQQQQQQQNSQFCFVNPWNEEKVTNSQQNLVYPPQYDDLNSNESLDAYRRRKSSLVVPPARAPAPNPFQYDSYPAYTSSNTSLAGNSSGQYPSGYQQQQQQVYQQGAIHPSQFGSRFVPSLYDRQDFQRRQSLAATNYSSNFSSLNSNTNQGTNSIPVMSPYRRLSAYPPSTSPPLQPPFKQLRRDEVQGQKLSIPQMQLCNSKNDLQPVLNATPKFRRASLNSKTISPLVSVTKSLITTYSLCSPEFTYQTSKNPKRVLTKPSEGKCNNGFDNINSDYILYVNDVLGVEQNRKYLVLDILGQGTFGQVVKCQNLLTKEILAVKVVKSRTEYLTQSITEAKILELLNQKIDPTNKHHFLRMYDSFVHKNHLCLVFELLSNNLYELLKQNKFHGLSIQLIRTFTTQILDSLCVLKESKLIHCDLKPENILLCAPDKPELKIIDFGSSCEEARTVYTYIQSRFYRAPEIILGIPYSTSIDMWSLGCIVAELFLGIPIFPGASEYNQLTRIIDTLGYPPSWMIDMGKNSGKFMKKLAPEESSSSTQKHRMKTIEEFCREYNIVEKPSKQYFKWRKLPDIIRNYRYPKSIQNSQELIDQEMQNRECLIHFLGGVLNLNPLERWTPQQAMLHPFITKQEFTGEWFPPGSSLPGPSEKHDDAKGQQSEYGSANDSSNNAGHNYVYNPSSATGGADSVDIGAISKRKENTSGDISNNFAVTHSVQEGPTSAFNKLHIVEE,P19145,MSNTSSYEKNNPDNLKHNGITIDSEFLTQEPITIPSNGSAVSIDETGSGSKWQDFKDSFKRVKPIEVDPNLSEAEKVAIITAQTPLKHHLKNRHLQMIAIGGAIGTGLLVGSGTALRTGGPASLLIGWGSTGTMIYAMVMALGELAVIFPISGGFTTYATRFIDESFGYANNFNYMLQWLVVLPLEIVSASITVNFWGTDPKYRDGFVALFWLAIVIINMFGVKGYGEAEFVFSFIKVITVVGFIILGIILNCGGGPTGGYIGGKYWHDPGAFAGDTPGAKFKGVCSVFVTAAFSFAGSELVGLAASESVEPRKSVPKAAKQVFWRITLFYILSLLMIGLLVPYNDKSLIGASSVDAAASPFVIAIKTHGIKGLPSVVNVVILIAVLSVGNSAIYACSRTMVALAEQRFLPEIFSYVDRKGRPLVGIAVTSAFGLIAFVAASKKEGEVFNWLLALSGLSSLFTWGGICICHIRFRKALAAQGRGLDELSFKSPTGVWGSYWGLFMVIIMFIAQFYVAVFPVGDSPSAEGFFEAYLSFPLVMVMYIGHKIYKRNWKLFIPAEKMDIDTGRREVDLDLLKQEIAEEKAIMATKPRWYRIWNFWC,1,,pep,,Guo2008,xCAPT/Golden_standard/Guo2008,,,,,,False,
P25591,MATQALEDITERLLIRSQEAILQLDLWIQRQQRSSICQTTDQESLDKLSQQYNQYMSQLNSLYVRSESVRDKLSKEQQRRLITEDNEHQRIEDLVREFQDITLRLNELATVPNEAPNDSPQSQSTRSSLGSFQPRPLKIIERQRLCMVTPSKPPKKSVGFNPINEVDCPSKTNSLPCSPKKQPARNRTLRAAKSHDTGLNKSKKPSSSDTYESFFKNRQRLSLTFFDEMDDEDFDSDQDTIILPNISTPPHVGVTAKGAEFEPLRRYNSHESILSNKPAPSKSLNLGSFSASFFRPSNPTFGTSISNVQVNCHPTVAATMAPSRNGPRISSSKALLSSFIARSDTHTVKENNTNLKHASFMDKFNSSLSTISESFQSKRGRKNKGMNEERISNHNVAQEQKNNMDISVSIEELQDALNTELLF,P40512,MFHGAKGPLLIERIGHLLSINYGEKEERKRWAMQGISYLQEVQCTSTPYLEILVEESGLRPVSLLNSQLVGKPHFSLLGGFDENIARDIISHNFQNAIFQMESEEVPLTKRYQHLEKITQISLLCKNFKGIEEIEYNVKNIIQGRKNFDMLNSMEKDRISHEVVQDDSFSLLRIQMLLCVSYFLQERYFDCCTKFFTMMTSEPLTLKVLSEHLDCMNFISKEEFIMMVNISVLISIPLDNYDDFIYLSDLKQFFQMTPLLVNCLELLINTNFNKFFKIWHGEINKICMESLFLEPSWSSSAAVIMRCKIYFFYLRISKKLQFSYLSSTLGIDLEDIKEELTKLIISGQLNFEIDGDVIHFEDSSILQSIVNEISRNGTMINEVIDKLKNENTDLKDIIQGNPLMYSGGNNTATIINNESSDDMDIDEVNDRSDISDSEGGLFEC,1,,pep,,Guo2008,xCAPT/Golden_standard/Guo2008,,,,,,False,
P10363,MTNSVKTNGPSSSDMEYYYKSLYPFKHIFNWLNHSPKPSRDMINREFAMAFRSGAYKRYNSFNSVQDFKAQIEKANPDRFEIGAIYNKPPRERDTLLKSELKALEKELVFDIDMDDYDAFRTCCSGAQVCSKCWKFISLAMKITNTALREDFGYKDFIWVFSGRRGAHCWVSDKRARALTDVQRRNVLDYVNVIRDRNTDKRLALKRPYHPHLARSLEQLKPFFVSIMLEEQNPWEDDQHAIQTLLPALYDKQLIDSLKKYWLDNPRRSSKEKWNDIDQIATSLFKGPKQDSHIIKLRECKEDLVLMTLYPKLDVEVTKQTIHLLKAPFCIHPATGNVCVPIDESFAPEKAPKLIDLQTEMEKNNDVSLTALQPFINQFQAYVSSLLKNELGSVKREREDDDEPASLDF,P25615,MSLKGKFFAFLPNPNTSSNKFFKSILEKKGATIVSSIQNCLQSSRKEVIILIEDSFVDSDMHLTQKDIFQREAGLNDVDEFLGKIEQSGIQCVKTSCITKWVQNDKFAFQKDDLIKFQPSIIVISDNADDGQSSTDKESEISTDVESERNDDSNNKDMIQASKPLKRLLQEDKGRASLVTDKTKYKNNELIIGALKRLTKKYEIEGEKFRARSYRLAKQSMENCDFNVRSGEEAHTKLRNIGPSIAKKIQVILDTGVLPGLNDSVGLEDKLKYFKNCYGIGSEIAKRWNLLNFESFCVAAKKDPEEFVSDWTILFGWSYYDDWLCKMSRNECFTHLKKVQKALRGIDPECQVELQGSYNRGYSKCGDIDLLFFKPFCNDTTELAKIMETLCIKLYKDGYIHCFLQLTPNLEKLFLKRIVERFRTAKIVGYGERKRWYSSEIIKKFFMGVKFSPRELEELKEMKNDEGTLLIEEEEEEETKLNPIDQYMSLNAKDGNYCRRLDFFCCKWDELGAGRIHYTGSKEYNRWIRILAAQKGFKLTQHGLFRNNILLESFNERRIFELLNLKYAEPEHRNIEWEKKTA,1,,pep,,Guo2008,xCAPT/Golden_standard/Guo2008,,,,,,False,
P38820,MNDYHLEDTTSELEALRLENAQLREQLAKREDSSRDYPLSLEEYQRYGRQMIVEETGGVAGQVKLKNTKVLVVGAGGLGCPALPYLAGAGVGQIGIVDNDVVETSNLHRQVLHDSSRVGMLKCESARQYITKLNPHINVVTYPVRLNSSNAFDIFKGYNYILDCTDSPLTRYLVSDVAVNLGITVVSASGLGTEGQLTILNFNNIGPCYRCFYPTPPPPNAVTSCQEGGVIGPCIGLVGTMMAVETLKLILGIYTNENFSPFLMLYSGFPQQSLRTFKMRGRQEKCLCCGKNRTITKEAIEKGEINYELFCGARNYNVCEPDERISVDAFQRIYKDDEFLAKHIFLDVRPSHHYEISHFPEAVNIPIKNLRDMNGDLKKLQEKLPSVEKDSNIVILCRYGNDSQLATRLLKDKFGFSNVRDVRGGYFKYIDDIDQTIPKY,P38872,MNQGYTQLSAPELKETKTSKLNKMNNFRSSPIAEIINKIPPDCGKIQNTTFPEFNPALRRRQHEQWPAYEKPIRVTDSMSPQLSSINCLPNLYPHGTLPLPNPYLSYLNHIEKVNCQDVKFSNWSVLHNSNNGFEIPTYFSPRTTQNMPCSEKVESWLERLPIFVGFDGYLFTNCFDYEYMLDWEETEFTFEKTSCMETDYSKALTDTDIIYIQEKKIEALIRNQYLKEYEFSQKDF,1,,pep,,Guo2008,xCAPT/Golden_standard/Guo2008,,,,,,False,
P00958,MSFLISFDKSKKHPAHLQLANNLKIALALEYASKNLKPEVDNDNAAMELRNTKEPFLLFDANAILRYVMDDFEGQTSDKYQFALASLQNLLYHKELPQQHVEVLTNKAIENYLVELKEPLTTTDLILFANVYALNSSLVHSKFPELPSKVHNAVALAKKHVPRDSSSFKNIGAVKIQADLTVKPKDSEILPKPNERNILITSALPYVNNVPHLGNIIGSVLSADIFARYCKGRNYNALFICGTDEYGTATETKALEEGVTPRQLCDKYHKIHSDVYKWFQIGFDYFGRTTTDKQTEIAQHIFTKLNSNGYLEEQSMKQLYCPVHNSYLADRYVEGECPKCHYDDARGDQCDKCGALLDPFELINPRCKLDDASPEPKYSDHIFLSLDKLESQISEWVEKASEEGNWSKNSKTITQSWLKDGLKPRCITRDLVWGTPVPLEKYKDKVLYVWFDATIGYVSITSNYTKEWKQWWNNPEHVSLYQFMGKDNVPFHTVVFPGSQLGTEENWTMLHHLNTTEYLQYENGKFSKSRGVGVFGNNAQDSGISPSVWRYYLASVRPESSDSHFSWDDFVARNNSELLANLGNFVNRLIKFVNAKYNGVVPKFDPKKVSNYDGLVKDINEILSNYVKEMELGHERRGLEIAMSLSARGNQFLQENKLDNTLFSQSPEKSDAVVAVGLNIIYAVSSIITPYMPEIGEKINKMLNAPALKIDDRFHLAILEGHNINKAEYLFQRIDEKKIDEWRAKYGGQQV,P38249,MAPPPFRPENAIKRADELISVGEKQAALQSLHDFITARRIRWATPSTVEPVVFKFLEIGVELKKGKLLKDGLHQYKKLIQGSTEGLVSVGAVARKFIDLVESKIASEQTRADELQKQEIDDDLEGGVTPENLLISVYESDQSVAGFNDEAITSWLRFTWESYRAVLDLLRNNALLEITYSGVVKKTMHFCLKYQRKNEFKRLAEMLRQHLDAANYQQSKSGNNLVDLSDADTLQRYLDQRFQQVDVSVKLELWHEAYRSIEDVFHLMKISKRAPKPSTLANYYENLVKVFFVSGDPLLHTTAWKKFYKLYSTNPRATEEEFKTYSSTIFLSAISTQLDEIPSIGYDPHLRMYRLLNLDAKPTRKEMLQSIIEDESIYGKVDEELKELYDIIEVNFDVDTVKQQLENLLVKLSSKTYFSQYIAPLRDVIMRRVFVAASQKFTTVSQSELYKLATLPAPLDLSAWDIEKSLLQAAVEDYVSITIDHESAKVTFAKDPFDIFASTASKEVSEEENTEPEVQEEKEETDEALGPQETEDGEEKEEESDPVIIRNSYIHNKLLELSNVLHDVDSFNNASYMEKVRIARETLIKKNKDDLEKISKIVDERVKRSQEQKQKHMEHAALHAEQDAEVRQQRILEEKAAIEAKLEEEAHRRLIEKKKREFEAIKEREITKMITEVNAKGHVYIDPNEAKSLDLDTIKQVIIAEVSKNKSELESRMEYAMKKLDHTERALRKVELPLLQKEVDKLQETDTANYEAMKKKIVDAAKAEYEARMADRKNLVMVYDDYLKFKEHVSGTKESELAAIRNQKKAELEAAKKARIEEVRKRRYEEAIARRKEEIANAERQKRAQELAEATRKQREIEEAAAKKSTPYSFRAGNREPPSTPSTLPKATVSPDKAKLDMIAQKQREMEEAIEQRLAGRTAGGSSPATPATPATPATPTPSSGPKKMTMAEKLRAKRLAKGGR,1,,pep,,Guo2008,xCAPT/Golden_standard/Guo2008,,,,,,False,
P39729,MSTTVEKIKAIEDEMARTQKNKATSFHLGQLKAKLAKLRRELLTSASSGSGGGAGIGFDVARTGVASVGFVGFPSVGKSTLLSKLTGTESEAAEYEFTTLVTVPGVIRYKGAKIQMLDLPGIIDGAKDGRGRGKQVIAVARTCNLLFIILDVNKPLHHKQIIEKELEGVGIRLNKTPPDILIKKKEKGGISITNTVPLTHLGNDEIRAVMSEYRINSAEIAFRCDATVDDLIDVLEASSRRYMPAIYVLNKIDSLSIEELELLYRIPNAVPISSGQDWNLDELLQVMWDRLNLVRIYTKPKGQIPDFTDPVVLRSDRCSVKDFCNQIHKSLVDDFRNALVYGSSVKHQPQYVGLSHILEDEDVVTILKK,P47064,MIHAVLIFNKKCQPRLVKFYTPVDLPKQKLLLEQVYELISQRNSDFQSSFLVTPPSLLLSNENNNDEVNNEDIQIIYKNYATLYFTFIVDDQESELAILDLIQTFVESLDRCFTEVNELDLIFNWQTLESVLEEIVQGGMVIETNVNRIVASVDELNKAAESTDSKIGRLTSTGFGSALQAFAQGGFAQWATGQ,1,,pep,,Guo2008,xCAPT/Golden_standard/Guo2008,,,,,,False,
P32490,MASLFRPPESAKCNPNSPRLKLPLLRNNQVDENNIYLTSNGSSTTAYSSHTPEPLTSSTSTLFSQTRLHPSDSSMTLNTMKKRPAPPSLPSLSINSQSKCKTLPELVPIADVSDGKHDLGLKQRVIAENELSGNSDLTPSSMASPFSHTNTSSPYLRNDLSNSVGSDFSNLISAYEQSSSPIKSSSQPKSSSESYIDLNSVRDVDQLDENGWKYANLKDRIETLGILGEGAGGSVSKCKLKNGSKIFALKVINTLNTDPEYQKQIFRELQFNRSFQSEYIVRYYGMFTDDENSSIYIAMEYMGGRSLDAIYKNLLERGGRISEKVLGKIAEAVLRGLSYLHEKKVIHRDIKPQNILLNENGQVKLCDFGVSGEAVNSLATTFTGTSFYMAPERIQGQPYSVTSDVWSLGLTILEVANGKFPCSSEKMAANIAPFELLMWILTFTPELKDEPESNIIWSPSFKSFIDYCLKKDSRERPSPRQMINHPWIKGQMKKNVNMEKFVRKCWKD,P53949,MKYIPPLNFSPVVSTDVSLYRSGYPMPLNYSFIKHQLHLKTIIYIGDKDRPLEEYQSFLESEKIKYYHIFMDSSRDEGIQERMNQVLHLVLDVRNYPILVHSNKGKHRVGVVVGIIRKLLQGWSTAGICQEYGLFSGGMKDGVDLEFITMFETNLKIPRNVIPGFAKHCLYLNELEAAEGSDDESGSESILTAKQPI,1,,pep,,Guo2008,xCAPT/Golden_standard/Guo2008,,,,,,False,
O13297,MSYTDNPPQTKRALSLDDLVNHDENEKVKLQKLSEAANGSRPFAENLESDINQTETGQAAPIDNYKESTGHGSHSQKPKSRKSSNDDEETDTDDEMGASGEINFDSEMDFDYDKQHRNLLSNGSPPMNDGSDANAKLEKPSDDSIHQNSKSDEEQRIPKQGNEGNIASNYITQVPLQKQKQTEKKIAGNAVGSVVKKEEEANAAVDNIFEEKATLQSKKNNIKRDLEVLNEISASSKPSKYKNVPIWAQKWKPTIKALQSINVKDLKIDPSFLNIIPDDDLTKSVQDWVYATIYSIAPELRSFIELEMKFGVIIDAKGPDRVNPPVSSQCVFTELDAHLTPNIDASLFKELSKYIRGISEVTENTGKFSIIESQTRDSVYRVGLSTQRPRFLRMSTDIKTGRVGQFIEKRHVAQLLLYSPKDSYDVKISLNLELPVPDNDPPEKYKSQSPISERTKDRVSYIHNDSCTRIDITKVENHNQNSKSRQSETTHEVELEINTPALLNAFDNITNDSKEYASLIRTFLNNGTIIRRKLSSLSYEIFEGSKKVM,P34161,MSQETKMLPSLSSLLSGTEISSSPVSPSFTNPRTSFHLDDRGTIKLPPLNTSINRPRSVESALRHTVTSLHENSSAYGDDMLKHTQSDSALSSQLNSSQETVDESHENLLLTPLNSKKRDYSVSSKKNDILTPLSAAKSIIIPSASKEKRRAFAFITHSQETFPKKEPKIDNAPLARRKRRRTSSQELSILQAEFEKCPAPSKEKRIELAESCHMTEKAVQIWFQNKRQAVKRQRIATSKSTTIIQTVSPPSPPLDVHATPLASRVKADILRDGSSCSRSSSSSPLENTPPRPHHSLNRRSSTPSIKRSQALTFHLNPQKKTLTPVKTSPNSRVNKLINSIDHSPSKAKRPVSNPSGSPKRKRKFGFKIVDQQPLKDLDPNAFRG,1,,pep,,Guo2008,xCAPT/Golden_standard/Guo2008,,,,,,False,
P36010,MSSQTERTFIAVKPDGVQRGLVSQILSRFEKKGYKLVAIKLVKADDKLLEQHYAEHVGKPFFPKMVSFMKSGPILATVWEGKDVVRQGRTILGATNPLGSAPGTIRGDFGIDLGRNVCHGSDSVDSAEREINLWFKKEELVDWESNQAKWIYE,Q06177,MTRTSKWTVHEAKSNPKYFTHNGNFGESPNHVKRGGYGKGNWGKPGDEINDLIDSGEIKTVFNKTRRGSNSQNNERRLSDLQQYHI,1,,pep,,Guo2008,xCAPT/Golden_standard/Guo2008,,,,,,False,
P32559,MNSASFLQSRLISRSFLVRRSLKRYSGLAKPYTFQQPTIYALSTPANQTSAIAIIRISGTHAKYIYNRLVDSSTVPPIRKAILRNIYSPSSCSVKPHDQKESKILLDTSLLLYFQAPYSFTGEDVLELHVHGGKAVVNSILKAIGSLHDRSSGKDIRFALPGDFSRRAFQNGKFDLTQLEGIKDLIDSETESQRRSALSSFNGDNKILFENWRETIIENMAQLTAIIDFADDNSQEIQNTDEIFHNVEKNIICLRDQIVTFMQKVEKSTILQNGIKLVLLGAPNVGKSSLVNSLTNDDISIVSDIPGTTRDSIDAMINVNGYKVIICDTAGIREKSSDKIEMLGIDRAKKKSVQSDLCLFIVDPTDLSKLLPEDILAHLSSKTFGNKRIIIVVNKSDLVSDDEMTKVLNKLQTRLGSKYPILSVSCKTKEGIESLISTLTSNFESLSQSSADASPVIVSKRVSEILKNDVLYGLEEFFKSKDFHNDIVLATENLRYASDGIAKITGQAIGIEEILDSVFSKFCIGK,P34227,MFSRICSAQLKRTAWTLPKQAHLQSQTIKTFATAPILCKQFKQSDQPRLRINSDAPNFDADTTVGKINFYDYLGDSWGVLFSHPADFTPVCTTEVSAFAKLKPEFDKRNVKLIGLSVEDVESHEKWIQDIKEIAKVKNVGFPIIGDTFRNVAFLYDMVDAEGFKNINDGSLKTVRSVFVIDPKKKIRLIFTYPSTVGRNTSEVLRVIDALQLTDKEGVVTPINWQPADDVIIPPSVSNDEAKAKFGQFNEIKPYLRFTKSK,1,,pep,,Guo2008,xCAPT/Golden_standard/Guo2008,,,,,,False,
P30619,MSDLIELQRNYLIGVLNQIETKNNLKFLIIDKTVETILSYLFLTPQELLNNVTSVDLIDSPTRKGQSSIEAIYILEPTKYNINCIDADFMVRPPKYRRCHIRFLPGLTNPIFQFFQSKRYIAQNLESFKPIELGFFVKESQFFETLQMEHSLQVFFNNNCKALIPTNVRKIVGSLVSLCVITGEYPIVRYSVSNPVEEEDARNGNAVVNANSLTRSIANAFQIAIDTYARNNPDFPPQNTERPRSILIITDRTLDPFAPILHDFSYQAMAYDLVANVDTQKDIYHYSAENEAGEQEEKVSKLVDLYDPDWIDLKHQHIMDANEYIQGRIKELIAKNPLLVDRSNVKNTTDLLSVVAHLKDFDEERRRLILHKTLVDECLGENAERKLADISAIEQNLSGFGMDFSGEKIKHIIDDLLPALAMKEPTILDKLRYIIAYALFRGGIIELDFIKLLNFIGVTHEHENFQQYLKIFRNYDLIDFKLIKDKPKDKPFQKEWFHDTLVNDPNIYHTSRFVPAVGNILSKVIANPLLLSEQYFPYLKDKPIELLNEEEFQAGLANTSANSSSSLRNPRHKAAWTTKSSNIKKNIPRQRFFYYVIGGISIPEIKAAYDQSNLKNRDIFIGSDEILTPTKFLDEVERLQNPREFFKFKEDQRQQVNPPDFLLREMKPVAQPVSHVHLKSQDNSPKSGTSSPKAAGSLKSEPPEKEKKRSKFSRFLKRKSHHDK,Q03503,MEIVYKPLDIRNEEQFASIKKLIDADLSEPYSIYVYRYFLNQWPELTYIAVDNKSGTPNIPIGCIVCKMDPHRNVRLRGYIGMLAVESTYRGHGIAKKLVEIAIDKMQREHCDEIMLETEVENSAALNLYEGMGFIRMKRMFRYYLNEGDAFKLILPLTEKSCTRSTFLMHGRLAT,1,,pep,,Guo2008,xCAPT/Golden_standard/Guo2008,,,,,,False,
P32471,MASTDFSKIETLKQLNASLADKSYIEGTAVSQADVTVFKAFQSAYPEFSRWFNHIASKADEFDSFPAASAAAAEEEEDDDVDLFGSDDEEADAEAEKLKAERIAAYNAKKAAKPAKPAAKSIVTLDVKPWDDETNLEEMVANVKAIEMEGLTWGAHQFIPIGFGIKKLQINCVVEDDKVSLDDLQQSIEEDEDHVQSTDIAAMQKL,P36085,MQLEATHQKENHLSPLASFIFPDFRALFNIGFNLYSNINYKEVDINGFEIYIVEQWAAQRKISTLITSYTGNLQDTISAVEVALPEDPEEWPCCLKKYHEELLKFSSPKKTAKGTLFVTNLSSFKSTLNLLHVECGNLKKIWKNFKTNYDLKRLHCGGRSAQLLKKTPSASIAKFAQLYKFPNSAFSHEITSDFQQPSLQNDNSSISSIENIPVNHCPVVELTTLVQISLSYFALFEYKKERDGLLCNGTKQSLEKWWEIYGKRYHGIDKPKNETILGPTTVASLLSLVLTCYFKLMVEDCMSAKDPFDEEEFYSGLYAFQKKYGLSKNNKQTSLDELTIDKLFEVSSKTSNKDIFKFKKVVKSTVQDMTGKGNFMHLSNEILTTDLDTLVKNIHGGSLGKLWKGRSASRKETCMVWERKTFLSFKFERGDPSLQLENNELFYGTSVPSEQLTTSNKEDSDTQPTKRNSIYDIANGSKSSLSISSMFCNYDETRYKSTNNLNRAYRGEYFRRNSIPFCNDGIHDTKKISADLNKIDGLYRCNSYSEVQNAIELWSLPFDSSVIRLARDLLKIQSLMSVQRQLDEIRDGYLGKNSQRSYQNDLMFRQSLNKLQEMCERCKRGSNEFHWEYGNMQNKQQILESEKKDMKSLSSKLKYNVRILDRRVRDVEASVDHFDRKLEDVRKKLLEQNNSKDISMALESPCDKFEFDSFMDSIVQSQQTKYEGLCFKILDKKSLRKLKKEFWKWSTWTFDTFLYKNRPNKEKDTL,1,,pep,,Guo2008,xCAPT/Golden_standard/Guo2008,,,,,,False,
P08458,MESKEISIRSRTPPSKLYSIQSCIGRGNFGDVYKAVDRVTQEIVAIKVVNLEHSDEDIELLAQEIFFLAELKSPLITNYIATMLEDVSMWIVMEYCGGGSCSDLLKRSYVNGLPEEKVSFIIHEVTLGLKYLHEQRKIHRDIKAANILLNEEGMVKLGDFGVSGHIRSTLKRDTFVGTPYWMAPEVVCCEVDGYNEKADIWSLGITTYELLKGLPPLSKYDPMKVMTNLPKRKPPKLQGPFSDAAKDFVAGCLVKTPADRPSAYNLLSFEFVKNITITNLKSDVDLIKQKKVQERYTKVPKYPLQNRLYKNSNTVRGKEFWNFESTRLSTTQISKEELSPITQDSPTSSLNMESPYLLHGQTVTPITNPSSSSFRKCTQPVFELDSGMDIDSGCPNAQAETEIVPLSNHNKKHKKNDIQALKIEKFDYLKNIVSHILNRMYDRARDDETRKYVNEMLKQFIKTEANVPGFNEVFIEEISLRIEAIKKGFV,P53199,MSKIDSVLIIGGSGFLGLHLIQQFFDINPKPDIHIFDVRDLPEKLSKQFTFNVDDIKFHKGDLTSPDDMENAINESKANVVVHCASPMHGQNPDIYDIVNVKGTRNVIDMCKKCGVNILVYTSSAGVIFNGQDVHNADETWPIPEVPMDAYNETKAIAEDMVLKANDPSSDFYTVALRPAGIFGPGDRQLVPGLRQVAKLGQSKFQIGDNNNLFDWTYAGNVADAHVLAAQKLLDPKTRTAVSGETFFITNDTPTYFWALARTVWKADGHIDKHVIVLKRPVAICAGYLSEWVSKMLGKEPGLTPFRVKIVCAYRYHNIAKAKKLLGYTPRVGIEEGINKTLAWMDEGL,1,,pep,,Guo2008,xCAPT/Golden_standard/Guo2008,,,,,,False,
Q07468,MLRAQKLHSLKSSDITAILPTEQSQKLVLAKKNGDVEVYSRDGNTLKLFQVYPDLLQNAKNDPLPPVIENFYFANELSTIFAQCKETLILLSTTNLHEYDRIIDRRGINHCWLFERSHKNKEEKNTYLIYSTINTAKMRVLIWEGRTYKNMMEASLSYRKETIRSIYPGETGITLATDLGIYHWPYNKPSLIRIEKTVKNKFPKDMISALTELKEQAEKVIEKKPKKNSHFDAQSFSSMDRMSRKSSMSSLWYRTIRNERGNKIRYTFELDGNDATPMIIDGATKKIFKVELMHNNEEPFLIATDHATFSESNSEFDHMQYLSSNLLMLYNSSTIKFVDYENGFTFLQQKIPEGIKWVKNLSGTYFLVWTSNDEVQLFSYHVDDGSEDDDQESICGDINDPDFYQLWRKVLFYKFFIDSPHSKELCVSDNPEESLDICAMKLRDLTVMWCLRIFDKFQNYMVQLERSRNSRMIRSKCEEMIIKSIFDLFIKFWAPPQLVILKVFPSAISSLVLEITGQEHHCLLKEAEEVKETYDIPPHLLNRWCLPYLTDTRRHLQNLLSKENDDESRITWCYRDREIKQSFDFFLISNHDDVDLNTMLTLIDTVLFKCYLYYNPPMVGPFIRVENHCDSHVIVTELKIRHMFKDLIDFYYKRGNHEEALKFLTDLVDELENDNTDQKQRQKIDHGVKILVIYYLKKLSNPQLDVIFTYTDWLLNRHNDSIKEILSSIFFYDSQACSSRDHLKVYGYIKKFDKLLAIQYLEFAISTFRLEGNKLHTVLIKLYLENLDIPSTRIKLKSLLETTSVYEPRTILKLLNDAIESGSDQLPTNQLNFVKYLKIFPLSKLENHKEAVHILLDEIDDYKAATSYCNDVYQSDSTKGEELLLYLYSKLVSIYDSNRNSKLILNFLQDHGSKLNSAEIYKNLPQDISLYDIGRVVSQLLKKHTSKMDETRLEKALLQVELVATTYKLNERMSSYGVLSDSHKCPICKKVISNFGTDSISWFTREGRNIITHYNCGKVLQERFNAKNEKSSRIKQKTLGEVINELNNK,Q07834,MDNFKIYSTVITTAFLQVPHLYTTNRLWKPIEAPFLVEFLQKRISSKELKNTKAICHIDPSWVNLNASFIRDDMISIKATTDDMDLDAICRISLPLPMNTNDLTAELEKMKRILLDLSEKFNLELIITKEPAYFTPEQTGESKELCIYVHALGFRSNLMECEPQLLAFVDLIKKNGMTLPPQHYIIEPMELNSYSVLPLYMGVDMENFKHISRAFKTSIYAPSLITLSRDLKANPQIFFSGAVHSLSLLARKTLRESISVNSKSFFYRRLTNITPGKLLFIRKYYQQKVNQLILKYQSLIRVTNEYIEFQSISTNLLEMVIKNFTIQVLHEIVEVQISLNENCAMSPELIIDSFFGHTGNQIVVITPKEDSFNQLIVVGNQSSTDEASDTSILHYLSDFIMGSNQVINPNLRQIKAIFEIHPDFEDFISGKKNGKLTRIMELSACLIQLEMEEEDDNLYLNLVSDSFPDFKESFKNVINEFPAEESFFIPEVCHRPIIGTGGSLIQATMRKHNVFIQFSNSFNLPQNKISMIRYDNVIIRCPRKNKANICLAKNDLKQIVQEYDSLQSKTLIRFSSGQYRHILHVNGQKNIIGQIEKNENVYIMIPLKEPLDGTSQLSIQGNDENASRAANELVNSAFGYEYEFKIDQEIDPNKEYEFYNLIVVPFLQIMNIIVTFEKDLITFTFEKDTNENTLTKAIELLSNYLETQKTKIIFKKIIKKFVLGSASSKSNTSNSNTNGNFRSMNNAKSRTTIDNTSQSGASPQRHKMPVITTVGGAQAIKGYIPNTYYNGYGYGYGYTYEYDYNYANSNKAQTNNRHKYQNGRK,1,,pep,,Guo2008,xCAPT/Golden_standard/Guo2008,,,,,,False,
