name,sequence,length

pure_peptide_30_A,AAAAAAAAAAAAAAAAAAAAAAAAAAAAAA,30
pure_peptide_31_A,AAAAAAAAAAAAAAAAAAAAAAAAAAAAAAA,31
pure_peptide_32_A,AAAAAAAAAAAAAAAAAAAAAAAAAAAAAAAA,32
pure_peptide_33_A,AAAAAAAAAAAAAAAAAAAAAAAAAAAAAAAAA,33
pure_peptide_34_A,AAAAAAAAAAAAAAAAAAAAAAAAAAAAAAAAAA,34
pure_peptide_35_A,AAAAAAAAAAAAAAAAAAAAAAAAAAAAAAAAAAA,35
pure_peptide_36_A,AAAAAAAAAAAAAAAAAAAAAAAAAAAAAAAAAAAA,36
pure_peptide_37_A,AAAAAAAAAAAAAAAAAAAAAAAAAAAAAAAAAAAAA,37
pure_peptide_38_A,AAAAAAAAAAAAAAAAAAAAAAAAAAAAAAAAAAAAAA,38
pure_peptide_39_A,AAAAAAAAAAAAAAAAAAAAAAAAAAAAAAAAAAAAAAA,39
pure_peptide_40_A,AAAAAAAAAAAAAAAAAAAAAAAAAAAAAAAAAAAAAAAA,40
pure_peptide_41_A,AAAAAAAAAAAAAAAAAAAAAAAAAAAAAAAAAAAAAAAAA,41
pure_peptide_42_A,AAAAAAAAAAAAAAAAAAAAAAAAAAAAAAAAAAAAAAAAAA,42
pure_peptide_43_A,AAAAAAAAAAAAAAAAAAAAAAAAAAAAAAAAAAAAAAAAAAA,43
pure_peptide_44_A,AAAAAAAAAAAAAAAAAAAAAAAAAAAAAAAAAAAAAAAAAAAA,44
pure_peptide_45_A,AAAAAAAAAAAAAAAAAAAAAAAAAAAAAAAAAAAAAAAAAAAAA,45
pure_peptide_46_A,AAAAAAAAAAAAAAAAAAAAAAAAAAAAAAAAAAAAAAAAAAAAAA,46
pure_peptide_47_A,AAAAAAAAAAAAAAAAAAAAAAAAAAAAAAAAAAAAAAAAAAAAAAA,47
pure_peptide_48_A,AAAAAAAAAAAAAAAAAAAAAAAAAAAAAAAAAAAAAAAAAAAAAAAA,48
pure_peptide_49_A,AAAAAAAAAAAAAAAAAAAAAAAAAAAAAAAAAAAAAAAAAAAAAAAAA,49
pure_peptide_50_A,AAAAAAAAAAAAAAAAAAAAAAAAAAAAAAAAAAAAAAAAAAAAAAAAAA,50
pure_peptide_30_C,CCCCCCCCCCCCCCCCCCCCCCCCCCCCCC,30
pure_peptide_31_C,CCCCCCCCCCCCCCCCCCCCCCCCCCCCCCC,31
pure_peptide_32_C,CCCCCCCCCCCCCCCCCCCCCCCCCCCCCCCC,32
pure_peptide_33_C,CCCCCCCCCCCCCCCCCCCCCCCCCCCCCCCCC,33
pure_peptide_34_C,CCCCCCCCCCCCCCCCCCCCCCCCCCCCCCCCCC,34
pure_peptide_35_C,CCCCCCCCCCCCCCCCCCCCCCCCCCCCCCCCCCC,35
pure_peptide_36_C,CCCCCCCCCCCCCCCCCCCCCCCCCCCCCCCCCCCC,36
pure_peptide_37_C,CCCCCCCCCCCCCCCCCCCCCCCCCCCCCCCCCCCCC,37
pure_peptide_38_C,CCCCCCCCCCCCCCCCCCCCCCCCCCCCCCCCCCCCCC,38
pure_peptide_39_C,CCCCCCCCCCCCCCCCCCCCCCCCCCCCCCCCCCCCCCC,39
pure_peptide_40_C,CCCCCCCCCCCCCCCCCCCCCCCCCCCCCCCCCCCCCCCC,40
pure_peptide_41_C,CCCCCCCCCCCCCCCCCCCCCCCCCCCCCCCCCCCCCCCCC,41
pure_peptide_42_C,CCCCCCCCCCCCCCCCCCCCCCCCCCCCCCCCCCCCCCCCCC,42
pure_peptide_43_C,CCCCCCCCCCCCCCCCCCCCCCCCCCCCCCCCCCCCCCCCCCC,43
pure_peptide_44_C,CCCCCCCCCCCCCCCCCCCCCCCCCCCCCCCCCCCCCCCCCCCC,44
pure_peptide_45_C,CCCCCCCCCCCCCCCCCCCCCCCCCCCCCCCCCCCCCCCCCCCCC,45
pure_peptide_46_C,CCCCCCCCCCCCCCCCCCCCCCCCCCCCCCCCCCCCCCCCCCCCCC,46
pure_peptide_47_C,CCCCCCCCCCCCCCCCCCCCCCCCCCCCCCCCCCCCCCCCCCCCCCC,47
pure_peptide_48_C,CCCCCCCCCCCCCCCCCCCCCCCCCCCCCCCCCCCCCCCCCCCCCCCC,48
pure_peptide_49_C,CCCCCCCCCCCCCCCCCCCCCCCCCCCCCCCCCCCCCCCCCCCCCCCCC,49
pure_peptide_50_C,CCCCCCCCCCCCCCCCCCCCCCCCCCCCCCCCCCCCCCCCCCCCCCCCCC,50
pure_peptide_30_D,DDDDDDDDDDDDDDDDDDDDDDDDDDDDDD,30
pure_peptide_31_D,DDDDDDDDDDDDDDDDDDDDDDDDDDDDDDD,31
pure_peptide_32_D,DDDDDDDDDDDDDDDDDDDDDDDDDDDDDDDD,32
pure_peptide_33_D,DDDDDDDDDDDDDDDDDDDDDDDDDDDDDDDDD,33
pure_peptide_34_D,DDDDDDDDDDDDDDDDDDDDDDDDDDDDDDDDDD,34
pure_peptide_35_D,DDDDDDDDDDDDDDDDDDDDDDDDDDDDDDDDDDD,35
pure_peptide_36_D,DDDDDDDDDDDDDDDDDDDDDDDDDDDDDDDDDDDD,36
pure_peptide_37_D,DDDDDDDDDDDDDDDDDDDDDDDDDDDDDDDDDDDDD,37
pure_peptide_38_D,DDDDDDDDDDDDDDDDDDDDDDDDDDDDDDDDDDDDDD,38
pure_peptide_39_D,DDDDDDDDDDDDDDDDDDDDDDDDDDDDDDDDDDDDDDD,39
pure_peptide_40_D,DDDDDDDDDDDDDDDDDDDDDDDDDDDDDDDDDDDDDDDD,40
pure_peptide_41_D,DDDDDDDDDDDDDDDDDDDDDDDDDDDDDDDDDDDDDDDDD,41
pure_peptide_42_D,DDDDDDDDDDDDDDDDDDDDDDDDDDDDDDDDDDDDDDDDDD,42
pure_peptide_43_D,DDDDDDDDDDDDDDDDDDDDDDDDDDDDDDDDDDDDDDDDDDD,43
pure_peptide_44_D,DDDDDDDDDDDDDDDDDDDDDDDDDDDDDDDDDDDDDDDDDDDD,44
pure_peptide_45_D,DDDDDDDDDDDDDDDDDDDDDDDDDDDDDDDDDDDDDDDDDDDDD,45
pure_peptide_46_D,DDDDDDDDDDDDDDDDDDDDDDDDDDDDDDDDDDDDDDDDDDDDDD,46
pure_peptide_47_D,DDDDDDDDDDDDDDDDDDDDDDDDDDDDDDDDDDDDDDDDDDDDDDD,47
pure_peptide_48_D,DDDDDDDDDDDDDDDDDDDDDDDDDDDDDDDDDDDDDDDDDDDDDDDD,48
pure_peptide_49_D,DDDDDDDDDDDDDDDDDDDDDDDDDDDDDDDDDDDDDDDDDDDDDDDDD,49
pure_peptide_50_D,DDDDDDDDDDDDDDDDDDDDDDDDDDDDDDDDDDDDDDDDDDDDDDDDDD,50
pure_peptide_30_E,EEEEEEEEEEEEEEEEEEEEEEEEEEEEEE,30
pure_peptide_31_E,EEEEEEEEEEEEEEEEEEEEEEEEEEEEEEE,31
pure_peptide_32_E,EEEEEEEEEEEEEEEEEEEEEEEEEEEEEEEE,32
pure_peptide_33_E,EEEEEEEEEEEEEEEEEEEEEEEEEEEEEEEEE,33
pure_peptide_34_E,EEEEEEEEEEEEEEEEEEEEEEEEEEEEEEEEEE,34
pure_peptide_35_E,EEEEEEEEEEEEEEEEEEEEEEEEEEEEEEEEEEE,35
pure_peptide_36_E,EEEEEEEEEEEEEEEEEEEEEEEEEEEEEEEEEEEE,36
pure_peptide_37_E,EEEEEEEEEEEEEEEEEEEEEEEEEEEEEEEEEEEEE,37
pure_peptide_38_E,EEEEEEEEEEEEEEEEEEEEEEEEEEEEEEEEEEEEEE,38
pure_peptide_39_E,EEEEEEEEEEEEEEEEEEEEEEEEEEEEEEEEEEEEEEE,39
pure_peptide_40_E,EEEEEEEEEEEEEEEEEEEEEEEEEEEEEEEEEEEEEEEE,40
pure_peptide_41_E,EEEEEEEEEEEEEEEEEEEEEEEEEEEEEEEEEEEEEEEEE,41
pure_peptide_42_E,EEEEEEEEEEEEEEEEEEEEEEEEEEEEEEEEEEEEEEEEEE,42
pure_peptide_43_E,EEEEEEEEEEEEEEEEEEEEEEEEEEEEEEEEEEEEEEEEEEE,43
pure_peptide_44_E,EEEEEEEEEEEEEEEEEEEEEEEEEEEEEEEEEEEEEEEEEEEE,44
pure_peptide_45_E,EEEEEEEEEEEEEEEEEEEEEEEEEEEEEEEEEEEEEEEEEEEEE,45
pure_peptide_46_E,EEEEEEEEEEEEEEEEEEEEEEEEEEEEEEEEEEEEEEEEEEEEEE,46
pure_peptide_47_E,EEEEEEEEEEEEEEEEEEEEEEEEEEEEEEEEEEEEEEEEEEEEEEE,47
pure_peptide_48_E,EEEEEEEEEEEEEEEEEEEEEEEEEEEEEEEEEEEEEEEEEEEEEEEE,48
pure_peptide_49_E,EEEEEEEEEEEEEEEEEEEEEEEEEEEEEEEEEEEEEEEEEEEEEEEEE,49
pure_peptide_50_E,EEEEEEEEEEEEEEEEEEEEEEEEEEEEEEEEEEEEEEEEEEEEEEEEEE,50
pure_peptide_30_F,FFFFFFFFFFFFFFFFFFFFFFFFFFFFFF,30
pure_peptide_31_F,FFFFFFFFFFFFFFFFFFFFFFFFFFFFFFF,31
pure_peptide_32_F,FFFFFFFFFFFFFFFFFFFFFFFFFFFFFFFF,32
pure_peptide_33_F,FFFFFFFFFFFFFFFFFFFFFFFFFFFFFFFFF,33
pure_peptide_34_F,FFFFFFFFFFFFFFFFFFFFFFFFFFFFFFFFFF,34
pure_peptide_35_F,FFFFFFFFFFFFFFFFFFFFFFFFFFFFFFFFFFF,35
pure_peptide_36_F,FFFFFFFFFFFFFFFFFFFFFFFFFFFFFFFFFFFF,36
pure_peptide_37_F,FFFFFFFFFFFFFFFFFFFFFFFFFFFFFFFFFFFFF,37
pure_peptide_38_F,FFFFFFFFFFFFFFFFFFFFFFFFFFFFFFFFFFFFFF,38
pure_peptide_39_F,FFFFFFFFFFFFFFFFFFFFFFFFFFFFFFFFFFFFFFF,39
pure_peptide_40_F,FFFFFFFFFFFFFFFFFFFFFFFFFFFFFFFFFFFFFFFF,40
pure_peptide_41_F,FFFFFFFFFFFFFFFFFFFFFFFFFFFFFFFFFFFFFFFFF,41
pure_peptide_42_F,FFFFFFFFFFFFFFFFFFFFFFFFFFFFFFFFFFFFFFFFFF,42
pure_peptide_43_F,FFFFFFFFFFFFFFFFFFFFFFFFFFFFFFFFFFFFFFFFFFF,43
pure_peptide_44_F,FFFFFFFFFFFFFFFFFFFFFFFFFFFFFFFFFFFFFFFFFFFF,44
pure_peptide_45_F,FFFFFFFFFFFFFFFFFFFFFFFFFFFFFFFFFFFFFFFFFFFFF,45
pure_peptide_46_F,FFFFFFFFFFFFFFFFFFFFFFFFFFFFFFFFFFFFFFFFFFFFFF,46
pure_peptide_47_F,FFFFFFFFFFFFFFFFFFFFFFFFFFFFFFFFFFFFFFFFFFFFFFF,47
pure_peptide_48_F,FFFFFFFFFFFFFFFFFFFFFFFFFFFFFFFFFFFFFFFFFFFFFFFF,48
pure_peptide_49_F,FFFFFFFFFFFFFFFFFFFFFFFFFFFFFFFFFFFFFFFFFFFFFFFFF,49
pure_peptide_50_F,FFFFFFFFFFFFFFFFFFFFFFFFFFFFFFFFFFFFFFFFFFFFFFFFFF,50
pure_peptide_30_G,GGGGGGGGGGGGGGGGGGGGGGGGGGGGGG,30
pure_peptide_31_G,GGGGGGGGGGGGGGGGGGGGGGGGGGGGGGG,31
pure_peptide_32_G,GGGGGGGGGGGGGGGGGGGGGGGGGGGGGGGG,32
pure_peptide_33_G,GGGGGGGGGGGGGGGGGGGGGGGGGGGGGGGGG,33
pure_peptide_34_G,GGGGGGGGGGGGGGGGGGGGGGGGGGGGGGGGGG,34
pure_peptide_35_G,GGGGGGGGGGGGGGGGGGGGGGGGGGGGGGGGGGG,35
pure_peptide_36_G,GGGGGGGGGGGGGGGGGGGGGGGGGGGGGGGGGGGG,36
pure_peptide_37_G,GGGGGGGGGGGGGGGGGGGGGGGGGGGGGGGGGGGGG,37
pure_peptide_38_G,GGGGGGGGGGGGGGGGGGGGGGGGGGGGGGGGGGGGGG,38
pure_peptide_39_G,GGGGGGGGGGGGGGGGGGGGGGGGGGGGGGGGGGGGGGG,39
pure_peptide_40_G,GGGGGGGGGGGGGGGGGGGGGGGGGGGGGGGGGGGGGGGG,40
pure_peptide_41_G,GGGGGGGGGGGGGGGGGGGGGGGGGGGGGGGGGGGGGGGGG,41
pure_peptide_42_G,GGGGGGGGGGGGGGGGGGGGGGGGGGGGGGGGGGGGGGGGGG,42
pure_peptide_43_G,GGGGGGGGGGGGGGGGGGGGGGGGGGGGGGGGGGGGGGGGGGG,43
pure_peptide_44_G,GGGGGGGGGGGGGGGGGGGGGGGGGGGGGGGGGGGGGGGGGGGG,44
pure_peptide_45_G,GGGGGGGGGGGGGGGGGGGGGGGGGGGGGGGGGGGGGGGGGGGGG,45
pure_peptide_46_G,GGGGGGGGGGGGGGGGGGGGGGGGGGGGGGGGGGGGGGGGGGGGGG,46
pure_peptide_47_G,GGGGGGGGGGGGGGGGGGGGGGGGGGGGGGGGGGGGGGGGGGGGGGG,47
pure_peptide_48_G,GGGGGGGGGGGGGGGGGGGGGGGGGGGGGGGGGGGGGGGGGGGGGGGG,48
pure_peptide_49_G,GGGGGGGGGGGGGGGGGGGGGGGGGGGGGGGGGGGGGGGGGGGGGGGGG,49
pure_peptide_50_G,GGGGGGGGGGGGGGGGGGGGGGGGGGGGGGGGGGGGGGGGGGGGGGGGGG,50
pure_peptide_30_H,HHHHHHHHHHHHHHHHHHHHHHHHHHHHHH,30
pure_peptide_31_H,HHHHHHHHHHHHHHHHHHHHHHHHHHHHHHH,31
pure_peptide_32_H,HHHHHHHHHHHHHHHHHHHHHHHHHHHHHHHH,32
pure_peptide_33_H,HHHHHHHHHHHHHHHHHHHHHHHHHHHHHHHHH,33
pure_peptide_34_H,HHHHHHHHHHHHHHHHHHHHHHHHHHHHHHHHHH,34
pure_peptide_35_H,HHHHHHHHHHHHHHHHHHHHHHHHHHHHHHHHHHH,35
pure_peptide_36_H,HHHHHHHHHHHHHHHHHHHHHHHHHHHHHHHHHHHH,36
pure_peptide_37_H,HHHHHHHHHHHHHHHHHHHHHHHHHHHHHHHHHHHHH,37
pure_peptide_38_H,HHHHHHHHHHHHHHHHHHHHHHHHHHHHHHHHHHHHHH,38
pure_peptide_39_H,HHHHHHHHHHHHHHHHHHHHHHHHHHHHHHHHHHHHHHH,39
pure_peptide_40_H,HHHHHHHHHHHHHHHHHHHHHHHHHHHHHHHHHHHHHHHH,40
pure_peptide_41_H,HHHHHHHHHHHHHHHHHHHHHHHHHHHHHHHHHHHHHHHHH,41
pure_peptide_42_H,HHHHHHHHHHHHHHHHHHHHHHHHHHHHHHHHHHHHHHHHHH,42
pure_peptide_43_H,HHHHHHHHHHHHHHHHHHHHHHHHHHHHHHHHHHHHHHHHHHH,43
pure_peptide_44_H,HHHHHHHHHHHHHHHHHHHHHHHHHHHHHHHHHHHHHHHHHHHH,44
pure_peptide_45_H,HHHHHHHHHHHHHHHHHHHHHHHHHHHHHHHHHHHHHHHHHHHHH,45
pure_peptide_46_H,HHHHHHHHHHHHHHHHHHHHHHHHHHHHHHHHHHHHHHHHHHHHHH,46
pure_peptide_47_H,HHHHHHHHHHHHHHHHHHHHHHHHHHHHHHHHHHHHHHHHHHHHHHH,47
pure_peptide_48_H,HHHHHHHHHHHHHHHHHHHHHHHHHHHHHHHHHHHHHHHHHHHHHHHH,48
pure_peptide_49_H,HHHHHHHHHHHHHHHHHHHHHHHHHHHHHHHHHHHHHHHHHHHHHHHHH,49
pure_peptide_50_H,HHHHHHHHHHHHHHHHHHHHHHHHHHHHHHHHHHHHHHHHHHHHHHHHHH,50
pure_peptide_30_I,IIIIIIIIIIIIIIIIIIIIIIIIIIIIII,30
pure_peptide_31_I,IIIIIIIIIIIIIIIIIIIIIIIIIIIIIII,31
pure_peptide_32_I,IIIIIIIIIIIIIIIIIIIIIIIIIIIIIIII,32
pure_peptide_33_I,IIIIIIIIIIIIIIIIIIIIIIIIIIIIIIIII,33
pure_peptide_34_I,IIIIIIIIIIIIIIIIIIIIIIIIIIIIIIIIII,34
pure_peptide_35_I,IIIIIIIIIIIIIIIIIIIIIIIIIIIIIIIIIII,35
pure_peptide_36_I,IIIIIIIIIIIIIIIIIIIIIIIIIIIIIIIIIIII,36
pure_peptide_37_I,IIIIIIIIIIIIIIIIIIIIIIIIIIIIIIIIIIIII,37
pure_peptide_38_I,IIIIIIIIIIIIIIIIIIIIIIIIIIIIIIIIIIIIII,38
pure_peptide_39_I,IIIIIIIIIIIIIIIIIIIIIIIIIIIIIIIIIIIIIII,39
pure_peptide_40_I,IIIIIIIIIIIIIIIIIIIIIIIIIIIIIIIIIIIIIIII,40
pure_peptide_41_I,IIIIIIIIIIIIIIIIIIIIIIIIIIIIIIIIIIIIIIIII,41
pure_peptide_42_I,IIIIIIIIIIIIIIIIIIIIIIIIIIIIIIIIIIIIIIIIII,42
pure_peptide_43_I,IIIIIIIIIIIIIIIIIIIIIIIIIIIIIIIIIIIIIIIIIII,43
pure_peptide_44_I,IIIIIIIIIIIIIIIIIIIIIIIIIIIIIIIIIIIIIIIIIIII,44
pure_peptide_45_I,IIIIIIIIIIIIIIIIIIIIIIIIIIIIIIIIIIIIIIIIIIIII,45
pure_peptide_46_I,IIIIIIIIIIIIIIIIIIIIIIIIIIIIIIIIIIIIIIIIIIIIII,46
pure_peptide_47_I,IIIIIIIIIIIIIIIIIIIIIIIIIIIIIIIIIIIIIIIIIIIIIII,47
pure_peptide_48_I,IIIIIIIIIIIIIIIIIIIIIIIIIIIIIIIIIIIIIIIIIIIIIIII,48
pure_peptide_49_I,IIIIIIIIIIIIIIIIIIIIIIIIIIIIIIIIIIIIIIIIIIIIIIIII,49
pure_peptide_50_I,IIIIIIIIIIIIIIIIIIIIIIIIIIIIIIIIIIIIIIIIIIIIIIIIII,50
pure_peptide_30_K,KKKKKKKKKKKKKKKKKKKKKKKKKKKKKK,30
pure_peptide_31_K,KKKKKKKKKKKKKKKKKKKKKKKKKKKKKKK,31
pure_peptide_32_K,KKKKKKKKKKKKKKKKKKKKKKKKKKKKKKKK,32
pure_peptide_33_K,KKKKKKKKKKKKKKKKKKKKKKKKKKKKKKKKK,33
pure_peptide_34_K,KKKKKKKKKKKKKKKKKKKKKKKKKKKKKKKKKK,34
pure_peptide_35_K,KKKKKKKKKKKKKKKKKKKKKKKKKKKKKKKKKKK,35
pure_peptide_36_K,KKKKKKKKKKKKKKKKKKKKKKKKKKKKKKKKKKKK,36
pure_peptide_37_K,KKKKKKKKKKKKKKKKKKKKKKKKKKKKKKKKKKKKK,37
pure_peptide_38_K,KKKKKKKKKKKKKKKKKKKKKKKKKKKKKKKKKKKKKK,38
pure_peptide_39_K,KKKKKKKKKKKKKKKKKKKKKKKKKKKKKKKKKKKKKKK,39
pure_peptide_40_K,KKKKKKKKKKKKKKKKKKKKKKKKKKKKKKKKKKKKKKKK,40
pure_peptide_41_K,KKKKKKKKKKKKKKKKKKKKKKKKKKKKKKKKKKKKKKKKK,41
pure_peptide_42_K,KKKKKKKKKKKKKKKKKKKKKKKKKKKKKKKKKKKKKKKKKK,42
pure_peptide_43_K,KKKKKKKKKKKKKKKKKKKKKKKKKKKKKKKKKKKKKKKKKKK,43
pure_peptide_44_K,KKKKKKKKKKKKKKKKKKKKKKKKKKKKKKKKKKKKKKKKKKKK,44
pure_peptide_45_K,KKKKKKKKKKKKKKKKKKKKKKKKKKKKKKKKKKKKKKKKKKKKK,45
pure_peptide_46_K,KKKKKKKKKKKKKKKKKKKKKKKKKKKKKKKKKKKKKKKKKKKKKK,46
pure_peptide_47_K,KKKKKKKKKKKKKKKKKKKKKKKKKKKKKKKKKKKKKKKKKKKKKKK,47
pure_peptide_48_K,KKKKKKKKKKKKKKKKKKKKKKKKKKKKKKKKKKKKKKKKKKKKKKKK,48
pure_peptide_49_K,KKKKKKKKKKKKKKKKKKKKKKKKKKKKKKKKKKKKKKKKKKKKKKKKK,49
pure_peptide_50_K,KKKKKKKKKKKKKKKKKKKKKKKKKKKKKKKKKKKKKKKKKKKKKKKKKK,50
pure_peptide_30_L,LLLLLLLLLLLLLLLLLLLLLLLLLLLLLL,30
pure_peptide_31_L,LLLLLLLLLLLLLLLLLLLLLLLLLLLLLLL,31
pure_peptide_32_L,LLLLLLLLLLLLLLLLLLLLLLLLLLLLLLLL,32
pure_peptide_33_L,LLLLLLLLLLLLLLLLLLLLLLLLLLLLLLLLL,33
pure_peptide_34_L,LLLLLLLLLLLLLLLLLLLLLLLLLLLLLLLLLL,34
pure_peptide_35_L,LLLLLLLLLLLLLLLLLLLLLLLLLLLLLLLLLLL,35
pure_peptide_36_L,LLLLLLLLLLLLLLLLLLLLLLLLLLLLLLLLLLLL,36
pure_peptide_37_L,LLLLLLLLLLLLLLLLLLLLLLLLLLLLLLLLLLLLL,37
pure_peptide_38_L,LLLLLLLLLLLLLLLLLLLLLLLLLLLLLLLLLLLLLL,38
pure_peptide_39_L,LLLLLLLLLLLLLLLLLLLLLLLLLLLLLLLLLLLLLLL,39
pure_peptide_40_L,LLLLLLLLLLLLLLLLLLLLLLLLLLLLLLLLLLLLLLLL,40
pure_peptide_41_L,LLLLLLLLLLLLLLLLLLLLLLLLLLLLLLLLLLLLLLLLL,41
pure_peptide_42_L,LLLLLLLLLLLLLLLLLLLLLLLLLLLLLLLLLLLLLLLLLL,42
pure_peptide_43_L,LLLLLLLLLLLLLLLLLLLLLLLLLLLLLLLLLLLLLLLLLLL,43
pure_peptide_44_L,LLLLLLLLLLLLLLLLLLLLLLLLLLLLLLLLLLLLLLLLLLLL,44
pure_peptide_45_L,LLLLLLLLLLLLLLLLLLLLLLLLLLLLLLLLLLLLLLLLLLLLL,45
pure_peptide_46_L,LLLLLLLLLLLLLLLLLLLLLLLLLLLLLLLLLLLLLLLLLLLLLL,46
pure_peptide_47_L,LLLLLLLLLLLLLLLLLLLLLLLLLLLLLLLLLLLLLLLLLLLLLLL,47
pure_peptide_48_L,LLLLLLLLLLLLLLLLLLLLLLLLLLLLLLLLLLLLLLLLLLLLLLLL,48
pure_peptide_49_L,LLLLLLLLLLLLLLLLLLLLLLLLLLLLLLLLLLLLLLLLLLLLLLLLL,49
pure_peptide_50_L,LLLLLLLLLLLLLLLLLLLLLLLLLLLLLLLLLLLLLLLLLLLLLLLLLL,50
pure_peptide_30_M,MMMMMMMMMMMMMMMMMMMMMMMMMMMMMM,30
pure_peptide_31_M,MMMMMMMMMMMMMMMMMMMMMMMMMMMMMMM,31
pure_peptide_32_M,MMMMMMMMMMMMMMMMMMMMMMMMMMMMMMMM,32
pure_peptide_33_M,MMMMMMMMMMMMMMMMMMMMMMMMMMMMMMMMM,33
pure_peptide_34_M,MMMMMMMMMMMMMMMMMMMMMMMMMMMMMMMMMM,34
pure_peptide_35_M,MMMMMMMMMMMMMMMMMMMMMMMMMMMMMMMMMMM,35
pure_peptide_36_M,MMMMMMMMMMMMMMMMMMMMMMMMMMMMMMMMMMMM,36
pure_peptide_37_M,MMMMMMMMMMMMMMMMMMMMMMMMMMMMMMMMMMMMM,37
pure_peptide_38_M,MMMMMMMMMMMMMMMMMMMMMMMMMMMMMMMMMMMMMM,38
pure_peptide_39_M,MMMMMMMMMMMMMMMMMMMMMMMMMMMMMMMMMMMMMMM,39
pure_peptide_40_M,MMMMMMMMMMMMMMMMMMMMMMMMMMMMMMMMMMMMMMMM,40
pure_peptide_41_M,MMMMMMMMMMMMMMMMMMMMMMMMMMMMMMMMMMMMMMMMM,41
pure_peptide_42_M,MMMMMMMMMMMMMMMMMMMMMMMMMMMMMMMMMMMMMMMMMM,42
pure_peptide_43_M,MMMMMMMMMMMMMMMMMMMMMMMMMMMMMMMMMMMMMMMMMMM,43
pure_peptide_44_M,MMMMMMMMMMMMMMMMMMMMMMMMMMMMMMMMMMMMMMMMMMMM,44
pure_peptide_45_M,MMMMMMMMMMMMMMMMMMMMMMMMMMMMMMMMMMMMMMMMMMMMM,45
pure_peptide_46_M,MMMMMMMMMMMMMMMMMMMMMMMMMMMMMMMMMMMMMMMMMMMMMM,46
pure_peptide_47_M,MMMMMMMMMMMMMMMMMMMMMMMMMMMMMMMMMMMMMMMMMMMMMMM,47
pure_peptide_48_M,MMMMMMMMMMMMMMMMMMMMMMMMMMMMMMMMMMMMMMMMMMMMMMMM,48
pure_peptide_49_M,MMMMMMMMMMMMMMMMMMMMMMMMMMMMMMMMMMMMMMMMMMMMMMMMM,49
pure_peptide_50_M,MMMMMMMMMMMMMMMMMMMMMMMMMMMMMMMMMMMMMMMMMMMMMMMMMM,50
pure_peptide_30_N,NNNNNNNNNNNNNNNNNNNNNNNNNNNNNN,30
pure_peptide_31_N,NNNNNNNNNNNNNNNNNNNNNNNNNNNNNNN,31
pure_peptide_32_N,NNNNNNNNNNNNNNNNNNNNNNNNNNNNNNNN,32
pure_peptide_33_N,NNNNNNNNNNNNNNNNNNNNNNNNNNNNNNNNN,33
pure_peptide_34_N,NNNNNNNNNNNNNNNNNNNNNNNNNNNNNNNNNN,34
pure_peptide_35_N,NNNNNNNNNNNNNNNNNNNNNNNNNNNNNNNNNNN,35
pure_peptide_36_N,NNNNNNNNNNNNNNNNNNNNNNNNNNNNNNNNNNNN,36
pure_peptide_37_N,NNNNNNNNNNNNNNNNNNNNNNNNNNNNNNNNNNNNN,37
pure_peptide_38_N,NNNNNNNNNNNNNNNNNNNNNNNNNNNNNNNNNNNNNN,38
pure_peptide_39_N,NNNNNNNNNNNNNNNNNNNNNNNNNNNNNNNNNNNNNNN,39
pure_peptide_40_N,NNNNNNNNNNNNNNNNNNNNNNNNNNNNNNNNNNNNNNNN,40
pure_peptide_41_N,NNNNNNNNNNNNNNNNNNNNNNNNNNNNNNNNNNNNNNNNN,41
pure_peptide_42_N,NNNNNNNNNNNNNNNNNNNNNNNNNNNNNNNNNNNNNNNNNN,42
pure_peptide_43_N,NNNNNNNNNNNNNNNNNNNNNNNNNNNNNNNNNNNNNNNNNNN,43
pure_peptide_44_N,NNNNNNNNNNNNNNNNNNNNNNNNNNNNNNNNNNNNNNNNNNNN,44
pure_peptide_45_N,NNNNNNNNNNNNNNNNNNNNNNNNNNNNNNNNNNNNNNNNNNNNN,45
pure_peptide_46_N,NNNNNNNNNNNNNNNNNNNNNNNNNNNNNNNNNNNNNNNNNNNNNN,46
pure_peptide_47_N,NNNNNNNNNNNNNNNNNNNNNNNNNNNNNNNNNNNNNNNNNNNNNNN,47
pure_peptide_48_N,NNNNNNNNNNNNNNNNNNNNNNNNNNNNNNNNNNNNNNNNNNNNNNNN,48
pure_peptide_49_N,NNNNNNNNNNNNNNNNNNNNNNNNNNNNNNNNNNNNNNNNNNNNNNNNN,49
pure_peptide_50_N,NNNNNNNNNNNNNNNNNNNNNNNNNNNNNNNNNNNNNNNNNNNNNNNNNN,50
pure_peptide_30_P,PPPPPPPPPPPPPPPPPPPPPPPPPPPPPP,30
pure_peptide_31_P,PPPPPPPPPPPPPPPPPPPPPPPPPPPPPPP,31
pure_peptide_32_P,PPPPPPPPPPPPPPPPPPPPPPPPPPPPPPPP,32
pure_peptide_33_P,PPPPPPPPPPPPPPPPPPPPPPPPPPPPPPPPP,33
pure_peptide_34_P,PPPPPPPPPPPPPPPPPPPPPPPPPPPPPPPPPP,34
pure_peptide_35_P,PPPPPPPPPPPPPPPPPPPPPPPPPPPPPPPPPPP,35
pure_peptide_36_P,PPPPPPPPPPPPPPPPPPPPPPPPPPPPPPPPPPPP,36
pure_peptide_37_P,PPPPPPPPPPPPPPPPPPPPPPPPPPPPPPPPPPPPP,37
pure_peptide_38_P,PPPPPPPPPPPPPPPPPPPPPPPPPPPPPPPPPPPPPP,38
pure_peptide_39_P,PPPPPPPPPPPPPPPPPPPPPPPPPPPPPPPPPPPPPPP,39
pure_peptide_40_P,PPPPPPPPPPPPPPPPPPPPPPPPPPPPPPPPPPPPPPPP,40
pure_peptide_41_P,PPPPPPPPPPPPPPPPPPPPPPPPPPPPPPPPPPPPPPPPP,41
pure_peptide_42_P,PPPPPPPPPPPPPPPPPPPPPPPPPPPPPPPPPPPPPPPPPP,42
pure_peptide_43_P,PPPPPPPPPPPPPPPPPPPPPPPPPPPPPPPPPPPPPPPPPPP,43
pure_peptide_44_P,PPPPPPPPPPPPPPPPPPPPPPPPPPPPPPPPPPPPPPPPPPPP,44
pure_peptide_45_P,PPPPPPPPPPPPPPPPPPPPPPPPPPPPPPPPPPPPPPPPPPPPP,45
pure_peptide_46_P,PPPPPPPPPPPPPPPPPPPPPPPPPPPPPPPPPPPPPPPPPPPPPP,46
pure_peptide_47_P,PPPPPPPPPPPPPPPPPPPPPPPPPPPPPPPPPPPPPPPPPPPPPPP,47
pure_peptide_48_P,PPPPPPPPPPPPPPPPPPPPPPPPPPPPPPPPPPPPPPPPPPPPPPPP,48
pure_peptide_49_P,PPPPPPPPPPPPPPPPPPPPPPPPPPPPPPPPPPPPPPPPPPPPPPPPP,49
pure_peptide_50_P,PPPPPPPPPPPPPPPPPPPPPPPPPPPPPPPPPPPPPPPPPPPPPPPPPP,50
pure_peptide_30_Q,QQQQQQQQQQQQQQQQQQQQQQQQQQQQQQ,30
pure_peptide_31_Q,QQQQQQQQQQQQQQQQQQQQQQQQQQQQQQQ,31
pure_peptide_32_Q,QQQQQQQQQQQQQQQQQQQQQQQQQQQQQQQQ,32
pure_peptide_33_Q,QQQQQQQQQQQQQQQQQQQQQQQQQQQQQQQQQ,33
pure_peptide_34_Q,QQQQQQQQQQQQQQQQQQQQQQQQQQQQQQQQQQ,34
pure_peptide_35_Q,QQQQQQQQQQQQQQQQQQQQQQQQQQQQQQQQQQQ,35
pure_peptide_36_Q,QQQQQQQQQQQQQQQQQQQQQQQQQQQQQQQQQQQQ,36
pure_peptide_37_Q,QQQQQQQQQQQQQQQQQQQQQQQQQQQQQQQQQQQQQ,37
pure_peptide_38_Q,QQQQQQQQQQQQQQQQQQQQQQQQQQQQQQQQQQQQQQ,38
pure_peptide_39_Q,QQQQQQQQQQQQQQQQQQQQQQQQQQQQQQQQQQQQQQQ,39
pure_peptide_40_Q,QQQQQQQQQQQQQQQQQQQQQQQQQQQQQQQQQQQQQQQQ,40
pure_peptide_41_Q,QQQQQQQQQQQQQQQQQQQQQQQQQQQQQQQQQQQQQQQQQ,41
pure_peptide_42_Q,QQQQQQQQQQQQQQQQQQQQQQQQQQQQQQQQQQQQQQQQQQ,42
pure_peptide_43_Q,QQQQQQQQQQQQQQQQQQQQQQQQQQQQQQQQQQQQQQQQQQQ,43
pure_peptide_44_Q,QQQQQQQQQQQQQQQQQQQQQQQQQQQQQQQQQQQQQQQQQQQQ,44
pure_peptide_45_Q,QQQQQQQQQQQQQQQQQQQQQQQQQQQQQQQQQQQQQQQQQQQQQ,45
pure_peptide_46_Q,QQQQQQQQQQQQQQQQQQQQQQQQQQQQQQQQQQQQQQQQQQQQQQ,46
pure_peptide_47_Q,QQQQQQQQQQQQQQQQQQQQQQQQQQQQQQQQQQQQQQQQQQQQQQQ,47
pure_peptide_48_Q,QQQQQQQQQQQQQQQQQQQQQQQQQQQQQQQQQQQQQQQQQQQQQQQQ,48
pure_peptide_49_Q,QQQQQQQQQQQQQQQQQQQQQQQQQQQQQQQQQQQQQQQQQQQQQQQQQ,49
pure_peptide_50_Q,QQQQQQQQQQQQQQQQQQQQQQQQQQQQQQQQQQQQQQQQQQQQQQQQQQ,50
pure_peptide_30_R,RRRRRRRRRRRRRRRRRRRRRRRRRRRRRR,30
pure_peptide_31_R,RRRRRRRRRRRRRRRRRRRRRRRRRRRRRRR,31
pure_peptide_32_R,RRRRRRRRRRRRRRRRRRRRRRRRRRRRRRRR,32
pure_peptide_33_R,RRRRRRRRRRRRRRRRRRRRRRRRRRRRRRRRR,33
pure_peptide_34_R,RRRRRRRRRRRRRRRRRRRRRRRRRRRRRRRRRR,34
pure_peptide_35_R,RRRRRRRRRRRRRRRRRRRRRRRRRRRRRRRRRRR,35
pure_peptide_36_R,RRRRRRRRRRRRRRRRRRRRRRRRRRRRRRRRRRRR,36
pure_peptide_37_R,RRRRRRRRRRRRRRRRRRRRRRRRRRRRRRRRRRRRR,37
pure_peptide_38_R,RRRRRRRRRRRRRRRRRRRRRRRRRRRRRRRRRRRRRR,38
pure_peptide_39_R,RRRRRRRRRRRRRRRRRRRRRRRRRRRRRRRRRRRRRRR,39
pure_peptide_40_R,RRRRRRRRRRRRRRRRRRRRRRRRRRRRRRRRRRRRRRRR,40
pure_peptide_41_R,RRRRRRRRRRRRRRRRRRRRRRRRRRRRRRRRRRRRRRRRR,41
pure_peptide_42_R,RRRRRRRRRRRRRRRRRRRRRRRRRRRRRRRRRRRRRRRRRR,42
pure_peptide_43_R,RRRRRRRRRRRRRRRRRRRRRRRRRRRRRRRRRRRRRRRRRRR,43
pure_peptide_44_R,RRRRRRRRRRRRRRRRRRRRRRRRRRRRRRRRRRRRRRRRRRRR,44
pure_peptide_45_R,RRRRRRRRRRRRRRRRRRRRRRRRRRRRRRRRRRRRRRRRRRRRR,45
pure_peptide_46_R,RRRRRRRRRRRRRRRRRRRRRRRRRRRRRRRRRRRRRRRRRRRRRR,46
pure_peptide_47_R,RRRRRRRRRRRRRRRRRRRRRRRRRRRRRRRRRRRRRRRRRRRRRRR,47
pure_peptide_48_R,RRRRRRRRRRRRRRRRRRRRRRRRRRRRRRRRRRRRRRRRRRRRRRRR,48
pure_peptide_49_R,RRRRRRRRRRRRRRRRRRRRRRRRRRRRRRRRRRRRRRRRRRRRRRRRR,49
pure_peptide_50_R,RRRRRRRRRRRRRRRRRRRRRRRRRRRRRRRRRRRRRRRRRRRRRRRRRR,50
pure_peptide_30_S,SSSSSSSSSSSSSSSSSSSSSSSSSSSSSS,30
pure_peptide_31_S,SSSSSSSSSSSSSSSSSSSSSSSSSSSSSSS,31
pure_peptide_32_S,SSSSSSSSSSSSSSSSSSSSSSSSSSSSSSSS,32
pure_peptide_33_S,SSSSSSSSSSSSSSSSSSSSSSSSSSSSSSSSS,33
pure_peptide_34_S,SSSSSSSSSSSSSSSSSSSSSSSSSSSSSSSSSS,34
pure_peptide_35_S,SSSSSSSSSSSSSSSSSSSSSSSSSSSSSSSSSSS,35
pure_peptide_36_S,SSSSSSSSSSSSSSSSSSSSSSSSSSSSSSSSSSSS,36
pure_peptide_37_S,SSSSSSSSSSSSSSSSSSSSSSSSSSSSSSSSSSSSS,37
pure_peptide_38_S,SSSSSSSSSSSSSSSSSSSSSSSSSSSSSSSSSSSSSS,38
pure_peptide_39_S,SSSSSSSSSSSSSSSSSSSSSSSSSSSSSSSSSSSSSSS,39
pure_peptide_40_S,SSSSSSSSSSSSSSSSSSSSSSSSSSSSSSSSSSSSSSSS,40
pure_peptide_41_S,SSSSSSSSSSSSSSSSSSSSSSSSSSSSSSSSSSSSSSSSS,41
pure_peptide_42_S,SSSSSSSSSSSSSSSSSSSSSSSSSSSSSSSSSSSSSSSSSS,42
pure_peptide_43_S,SSSSSSSSSSSSSSSSSSSSSSSSSSSSSSSSSSSSSSSSSSS,43
pure_peptide_44_S,SSSSSSSSSSSSSSSSSSSSSSSSSSSSSSSSSSSSSSSSSSSS,44
pure_peptide_45_S,SSSSSSSSSSSSSSSSSSSSSSSSSSSSSSSSSSSSSSSSSSSSS,45
pure_peptide_46_S,SSSSSSSSSSSSSSSSSSSSSSSSSSSSSSSSSSSSSSSSSSSSSS,46
pure_peptide_47_S,SSSSSSSSSSSSSSSSSSSSSSSSSSSSSSSSSSSSSSSSSSSSSSS,47
pure_peptide_48_S,SSSSSSSSSSSSSSSSSSSSSSSSSSSSSSSSSSSSSSSSSSSSSSSS,48
pure_peptide_49_S,SSSSSSSSSSSSSSSSSSSSSSSSSSSSSSSSSSSSSSSSSSSSSSSSS,49
pure_peptide_50_S,SSSSSSSSSSSSSSSSSSSSSSSSSSSSSSSSSSSSSSSSSSSSSSSSSS,50
pure_peptide_30_T,TTTTTTTTTTTTTTTTTTTTTTTTTTTTTT,30
pure_peptide_31_T,TTTTTTTTTTTTTTTTTTTTTTTTTTTTTTT,31
pure_peptide_32_T,TTTTTTTTTTTTTTTTTTTTTTTTTTTTTTTT,32
pure_peptide_33_T,TTTTTTTTTTTTTTTTTTTTTTTTTTTTTTTTT,33
pure_peptide_34_T,TTTTTTTTTTTTTTTTTTTTTTTTTTTTTTTTTT,34
pure_peptide_35_T,TTTTTTTTTTTTTTTTTTTTTTTTTTTTTTTTTTT,35
pure_peptide_36_T,TTTTTTTTTTTTTTTTTTTTTTTTTTTTTTTTTTTT,36
pure_peptide_37_T,TTTTTTTTTTTTTTTTTTTTTTTTTTTTTTTTTTTTT,37
pure_peptide_38_T,TTTTTTTTTTTTTTTTTTTTTTTTTTTTTTTTTTTTTT,38
pure_peptide_39_T,TTTTTTTTTTTTTTTTTTTTTTTTTTTTTTTTTTTTTTT,39
pure_peptide_40_T,TTTTTTTTTTTTTTTTTTTTTTTTTTTTTTTTTTTTTTTT,40
pure_peptide_41_T,TTTTTTTTTTTTTTTTTTTTTTTTTTTTTTTTTTTTTTTTT,41
pure_peptide_42_T,TTTTTTTTTTTTTTTTTTTTTTTTTTTTTTTTTTTTTTTTTT,42
pure_peptide_43_T,TTTTTTTTTTTTTTTTTTTTTTTTTTTTTTTTTTTTTTTTTTT,43
pure_peptide_44_T,TTTTTTTTTTTTTTTTTTTTTTTTTTTTTTTTTTTTTTTTTTTT,44
pure_peptide_45_T,TTTTTTTTTTTTTTTTTTTTTTTTTTTTTTTTTTTTTTTTTTTTT,45
pure_peptide_46_T,TTTTTTTTTTTTTTTTTTTTTTTTTTTTTTTTTTTTTTTTTTTTTT,46
pure_peptide_47_T,TTTTTTTTTTTTTTTTTTTTTTTTTTTTTTTTTTTTTTTTTTTTTTT,47
pure_peptide_48_T,TTTTTTTTTTTTTTTTTTTTTTTTTTTTTTTTTTTTTTTTTTTTTTTT,48
pure_peptide_49_T,TTTTTTTTTTTTTTTTTTTTTTTTTTTTTTTTTTTTTTTTTTTTTTTTT,49
pure_peptide_50_T,TTTTTTTTTTTTTTTTTTTTTTTTTTTTTTTTTTTTTTTTTTTTTTTTTT,50
pure_peptide_30_V,VVVVVVVVVVVVVVVVVVVVVVVVVVVVVV,30
pure_peptide_31_V,VVVVVVVVVVVVVVVVVVVVVVVVVVVVVVV,31
pure_peptide_32_V,VVVVVVVVVVVVVVVVVVVVVVVVVVVVVVVV,32
pure_peptide_33_V,VVVVVVVVVVVVVVVVVVVVVVVVVVVVVVVVV,33
pure_peptide_34_V,VVVVVVVVVVVVVVVVVVVVVVVVVVVVVVVVVV,34
pure_peptide_35_V,VVVVVVVVVVVVVVVVVVVVVVVVVVVVVVVVVVV,35
pure_peptide_36_V,VVVVVVVVVVVVVVVVVVVVVVVVVVVVVVVVVVVV,36
pure_peptide_37_V,VVVVVVVVVVVVVVVVVVVVVVVVVVVVVVVVVVVVV,37
pure_peptide_38_V,VVVVVVVVVVVVVVVVVVVVVVVVVVVVVVVVVVVVVV,38
pure_peptide_39_V,VVVVVVVVVVVVVVVVVVVVVVVVVVVVVVVVVVVVVVV,39
pure_peptide_40_V,VVVVVVVVVVVVVVVVVVVVVVVVVVVVVVVVVVVVVVVV,40
pure_peptide_41_V,VVVVVVVVVVVVVVVVVVVVVVVVVVVVVVVVVVVVVVVVV,41
pure_peptide_42_V,VVVVVVVVVVVVVVVVVVVVVVVVVVVVVVVVVVVVVVVVVV,42
pure_peptide_43_V,VVVVVVVVVVVVVVVVVVVVVVVVVVVVVVVVVVVVVVVVVVV,43
pure_peptide_44_V,VVVVVVVVVVVVVVVVVVVVVVVVVVVVVVVVVVVVVVVVVVVV,44
pure_peptide_45_V,VVVVVVVVVVVVVVVVVVVVVVVVVVVVVVVVVVVVVVVVVVVVV,45
pure_peptide_46_V,VVVVVVVVVVVVVVVVVVVVVVVVVVVVVVVVVVVVVVVVVVVVVV,46
pure_peptide_47_V,VVVVVVVVVVVVVVVVVVVVVVVVVVVVVVVVVVVVVVVVVVVVVVV,47
pure_peptide_48_V,VVVVVVVVVVVVVVVVVVVVVVVVVVVVVVVVVVVVVVVVVVVVVVVV,48
pure_peptide_49_V,VVVVVVVVVVVVVVVVVVVVVVVVVVVVVVVVVVVVVVVVVVVVVVVVV,49
pure_peptide_50_V,VVVVVVVVVVVVVVVVVVVVVVVVVVVVVVVVVVVVVVVVVVVVVVVVVV,50
pure_peptide_30_W,WWWWWWWWWWWWWWWWWWWWWWWWWWWWWW,30
pure_peptide_31_W,WWWWWWWWWWWWWWWWWWWWWWWWWWWWWWW,31
pure_peptide_32_W,WWWWWWWWWWWWWWWWWWWWWWWWWWWWWWWW,32
pure_peptide_33_W,WWWWWWWWWWWWWWWWWWWWWWWWWWWWWWWWW,33
pure_peptide_34_W,WWWWWWWWWWWWWWWWWWWWWWWWWWWWWWWWWW,34
pure_peptide_35_W,WWWWWWWWWWWWWWWWWWWWWWWWWWWWWWWWWWW,35
pure_peptide_36_W,WWWWWWWWWWWWWWWWWWWWWWWWWWWWWWWWWWWW,36
pure_peptide_37_W,WWWWWWWWWWWWWWWWWWWWWWWWWWWWWWWWWWWWW,37
pure_peptide_38_W,WWWWWWWWWWWWWWWWWWWWWWWWWWWWWWWWWWWWWW,38
pure_peptide_39_W,WWWWWWWWWWWWWWWWWWWWWWWWWWWWWWWWWWWWWWW,39
pure_peptide_40_W,WWWWWWWWWWWWWWWWWWWWWWWWWWWWWWWWWWWWWWWW,40
pure_peptide_41_W,WWWWWWWWWWWWWWWWWWWWWWWWWWWWWWWWWWWWWWWWW,41
pure_peptide_42_W,WWWWWWWWWWWWWWWWWWWWWWWWWWWWWWWWWWWWWWWWWW,42
pure_peptide_43_W,WWWWWWWWWWWWWWWWWWWWWWWWWWWWWWWWWWWWWWWWWWW,43
pure_peptide_44_W,WWWWWWWWWWWWWWWWWWWWWWWWWWWWWWWWWWWWWWWWWWWW,44
pure_peptide_45_W,WWWWWWWWWWWWWWWWWWWWWWWWWWWWWWWWWWWWWWWWWWWWW,45
pure_peptide_46_W,WWWWWWWWWWWWWWWWWWWWWWWWWWWWWWWWWWWWWWWWWWWWWW,46
pure_peptide_47_W,WWWWWWWWWWWWWWWWWWWWWWWWWWWWWWWWWWWWWWWWWWWWWWW,47
pure_peptide_48_W,WWWWWWWWWWWWWWWWWWWWWWWWWWWWWWWWWWWWWWWWWWWWWWWW,48
pure_peptide_49_W,WWWWWWWWWWWWWWWWWWWWWWWWWWWWWWWWWWWWWWWWWWWWWWWWW,49
pure_peptide_50_W,WWWWWWWWWWWWWWWWWWWWWWWWWWWWWWWWWWWWWWWWWWWWWWWWWW,50
pure_peptide_30_Y,YYYYYYYYYYYYYYYYYYYYYYYYYYYYYY,30
pure_peptide_31_Y,YYYYYYYYYYYYYYYYYYYYYYYYYYYYYYY,31
pure_peptide_32_Y,YYYYYYYYYYYYYYYYYYYYYYYYYYYYYYYY,32
pure_peptide_33_Y,YYYYYYYYYYYYYYYYYYYYYYYYYYYYYYYYY,33
pure_peptide_34_Y,YYYYYYYYYYYYYYYYYYYYYYYYYYYYYYYYYY,34
pure_peptide_35_Y,YYYYYYYYYYYYYYYYYYYYYYYYYYYYYYYYYYY,35
pure_peptide_36_Y,YYYYYYYYYYYYYYYYYYYYYYYYYYYYYYYYYYYY,36
pure_peptide_37_Y,YYYYYYYYYYYYYYYYYYYYYYYYYYYYYYYYYYYYY,37
pure_peptide_38_Y,YYYYYYYYYYYYYYYYYYYYYYYYYYYYYYYYYYYYYY,38
pure_peptide_39_Y,YYYYYYYYYYYYYYYYYYYYYYYYYYYYYYYYYYYYYYY,39
pure_peptide_40_Y,YYYYYYYYYYYYYYYYYYYYYYYYYYYYYYYYYYYYYYYY,40
pure_peptide_41_Y,YYYYYYYYYYYYYYYYYYYYYYYYYYYYYYYYYYYYYYYYY,41
pure_peptide_42_Y,YYYYYYYYYYYYYYYYYYYYYYYYYYYYYYYYYYYYYYYYYY,42
pure_peptide_43_Y,YYYYYYYYYYYYYYYYYYYYYYYYYYYYYYYYYYYYYYYYYYY,43
pure_peptide_44_Y,YYYYYYYYYYYYYYYYYYYYYYYYYYYYYYYYYYYYYYYYYYYY,44
pure_peptide_45_Y,YYYYYYYYYYYYYYYYYYYYYYYYYYYYYYYYYYYYYYYYYYYYY,45
pure_peptide_46_Y,YYYYYYYYYYYYYYYYYYYYYYYYYYYYYYYYYYYYYYYYYYYYYY,46
pure_peptide_47_Y,YYYYYYYYYYYYYYYYYYYYYYYYYYYYYYYYYYYYYYYYYYYYYYY,47
pure_peptide_48_Y,YYYYYYYYYYYYYYYYYYYYYYYYYYYYYYYYYYYYYYYYYYYYYYYY,48
pure_peptide_49_Y,YYYYYYYYYYYYYYYYYYYYYYYYYYYYYYYYYYYYYYYYYYYYYYYYY,49
pure_peptide_50_Y,YYYYYYYYYYYYYYYYYYYYYYYYYYYYYYYYYYYYYYYYYYYYYYYYYY,50
